3072, 3072, 3070, 3072, 3069, 3072, 3073, 3071, 3070, 3071, 3071, 3071, 3071, 3073, 3068, 3067, 3055, 3048, 3034, 3015, 3005, 2999, 2995, 2991, 2989, 2986, 2984, 2982, 2986, 2986, 2988, 2990, 3000, 3005, 3011, 3013, 3016, 3018, 3013, 3011, 3022, 3018, 3020, 3028, 3034, 3034, 3038, 3040, 3042, 3039, 3040, 3037, 3041, 3041, 3049, 3046, 3054, 3059, 3062, 3056, 3060, 3060, 3062, 3064, 3069, 3067, 3067, 3066, 3066, 3068, 3071, 3070, 3071, 3070, 3072, 3072, 3073, 3075, 3071, 3074, 3072, 3072, 3071, 3070, 3073, 3074, 3071, 3077, 3073, 3072, 3072, 3073, 3071, 3071, 3070, 3073, 3071, 3074, 3074, 3073, 3072, 3076, 3075, 3073, 3085, 3076, 3075, 3074, 3073, 3071, 3071, 3073, 3073, 3074, 3075, 3073, 3074, 3078, 3082, 3081, 3077, 3074, 3076, 3076, 3077, 3079, 3084, 3080
3070, 3071, 3076, 3075, 3077, 3075, 3074, 3073, 3067, 3071, 3074, 3072, 3074, 3073, 3070, 3074, 3070, 3074, 3075, 3075, 3072, 3069, 3064, 3059, 3043, 3022, 3004, 2997, 2988, 2966, 2959, 2950, 2949, 2945, 2947, 2947, 2949, 2950, 2956, 2959, 2965, 2967, 2971, 2969, 2972, 2979, 2983, 2986, 2991, 2995, 3001, 2996, 2986, 2984, 2983, 2981, 2982, 2983, 2992, 2992, 2991, 2994, 2998, 3000, 3007, 3005, 3007, 3000, 3009, 3011, 3012, 3016, 3023, 3021, 3031, 3038, 3042, 3042, 3051, 3047, 3052, 3047, 3053, 3050, 3056, 3056, 3063, 3063, 3065, 3070, 3069, 3068, 3072, 3071, 3071, 3073, 3076, 3076, 3078, 3078, 3078, 3080, 3077, 3079, 3081, 3080, 3080, 3081, 3082, 3081, 3078, 3080, 3076, 3079, 3075, 3078, 3077, 3075, 3077, 3077, 3077, 3076, 3079, 3077, 3076, 3078, 3077, 3083
3071, 3072, 3075, 3073, 3075, 3073, 3071, 3074, 3074, 3075, 3075, 3075, 3074, 3073, 3073, 3068, 3071, 3072, 3073, 3062, 3060, 3052, 3035, 3025, 3019, 3016, 3001, 2992, 2974, 2965, 2960, 2962, 2965, 2961, 2956, 2954, 2947, 2942, 2937, 2940, 2942, 2942, 2945, 2947, 2948, 2943, 2947, 2944, 2946, 2944, 2948, 2953, 2968, 2968, 2980, 2985, 2994, 2996, 3004, 3004, 3016, 3015, 3027, 3030, 3048, 3047, 3054, 3058, 3064, 3065, 3066, 3067, 3070, 3070, 3079, 3079, 3078, 3079, 3082, 3081, 3078, 3085, 3094, 3091, 3091, 3086, 3087, 3084, 3084, 3085, 3092, 3091, 3089, 3083, 3081, 3079, 3084, 3080, 3083, 3079, 3077, 3077, 3074, 3073, 3072, 3073, 3072, 3073, 3071, 3068, 3066, 3067, 3068, 3069, 3069, 3069, 3069, 3070, 3068, 3070, 3069, 3069, 3071, 3071, 3072, 3070, 3075, 3073
3069, 3070, 3071, 3071, 3070, 3070, 3071, 3070, 3072, 3071, 3075, 3074, 3074, 3075, 3072, 3070, 3073, 3072, 3073, 3074, 3074, 3071, 3071, 3068, 3052, 3049, 3018, 3012, 2981, 2967, 2958, 2929, 2913, 2898, 2885, 2882, 2864, 2862, 2861, 2855, 2855, 2853, 2856, 2856, 2860, 2858, 2862, 2865, 2871, 2876, 2885, 2895, 2909, 2910, 2916, 2921, 2931, 2932, 2938, 2943, 2950, 2952, 2964, 2967, 2975, 2976, 2989, 2990, 2999, 3003, 3006, 3008, 3009, 3008, 3010, 3010, 3015, 3019, 3021, 3030, 3032, 3036, 3040, 3040, 3042, 3043, 3049, 3044, 3045, 3047, 3052, 3052, 3060, 3059, 3064, 3054, 3054, 3054, 3059, 3051, 3053, 3061, 3056, 3058, 3051, 3053, 3061, 3063, 3069, 3068, 3071, 3070, 3068, 3069, 3067, 3063, 3064, 3056, 3058, 3059, 3059, 3059, 3064, 3064, 3068, 3069, 3068, 3067
3071, 3072, 3072, 3069, 3071, 3070, 3070, 3070, 3070, 3071, 3069, 3071, 3073, 3071, 3075, 3074, 3071, 3073, 3073, 3073, 3071, 3069, 3070, 3066, 3064, 3053, 3037, 3025, 3008, 2988, 2963, 2938, 2911, 2896, 2885, 2880, 2878, 2874, 2872, 2870, 2867, 2869, 2868, 2868, 2874, 2874, 2879, 2883, 2888, 2894, 2903, 2921, 2916, 2917, 2916, 2920, 2930, 2929, 2940, 2947, 2958, 2962, 2967, 2974, 2989, 2995, 3006, 3012, 3026, 3025, 3029, 3037, 3040, 3040, 3046, 3051, 3054, 3060, 3062, 3066, 3069, 3067, 3068, 3069, 3071, 3071, 3075, 3075, 3077, 3080, 3081, 3083, 3083, 3085, 3083, 3084, 3081, 3081, 3081, 3080, 3080, 3079, 3077, 3075, 3075, 3071, 3072, 3073, 3074, 3074, 3075, 3073, 3072, 3073, 3074, 3078, 3074, 3078, 3073, 3073, 3072, 3071, 3072, 3076, 3079, 3077, 3073, 3076
3073, 3071, 3070, 3071, 3072, 3072, 3069, 3072, 3071, 3070, 3070, 3069, 3068, 3069, 3069, 3065, 3071, 3070, 3061, 3060, 3057, 3045, 3034, 3020, 2993, 2988, 2974, 2969, 2959, 2953, 2941, 2935, 2924, 2918, 2914, 2916, 2916, 2918, 2918, 2920, 2926, 2930, 2934, 2938, 2951, 2948, 2963, 2967, 2978, 2980, 2988, 2995, 3001, 3000, 3006, 3007, 3019, 3021, 3031, 3036, 3042, 3044, 3052, 3054, 3063, 3063, 3072, 3072, 3072, 3073, 3075, 3074, 3076, 3078, 3079, 3083, 3082, 3085, 3079, 3073, 3073, 3070, 3069, 3070, 3068, 3071, 3070, 3070, 3071, 3071, 3071, 3072, 3068, 3069, 3067, 3069, 3069, 3069, 3068, 3069, 3066, 3061, 3067, 3067, 3067, 3067, 3064, 3061, 3065, 3063, 3066, 3067, 3069, 3066, 3067, 3067, 3067, 3069, 3072, 3073, 3074, 3073, 3077, 3075, 3076, 3078, 3077, 3075
3071, 3073, 3074, 3075, 3074, 3078, 3075, 3076, 3070, 3071, 3073, 3076, 3072, 3075, 3070, 3073, 3071, 3070, 3065, 3062, 3055, 3048, 3037, 3026, 3013, 2997, 2986, 2979, 2974, 2971, 2963, 2959, 2959, 2958, 2961, 2958, 2960, 2963, 2969, 2972, 2972, 2973, 2971, 2971, 2970, 2967, 2971, 2974, 2978, 2983, 2982, 2984, 2992, 2987, 2993, 2998, 3006, 3006, 3009, 3007, 3012, 3010, 3012, 3011, 3009, 3011, 3012, 3013, 3021, 3018, 3026, 3027, 3025, 3028, 3026, 3028, 3031, 3040, 3036, 3042, 3035, 3034, 3035, 3036, 3045, 3051, 3063, 3062, 3067, 3065, 3066, 3070, 3069, 3074, 3076, 3077, 3077, 3079, 3077, 3079, 3079, 3080, 3077, 3078, 3074, 3075, 3075, 3076, 3077, 3076, 3077, 3075, 3076, 3076, 3074, 3073, 3068, 3066, 3063, 3056, 3065, 3067, 3068, 3069, 3066, 3065, 3065, 3063
3068, 3068, 3071, 3072, 3068, 3070, 3069, 3071, 3074, 3074, 3072, 3068, 3072, 3072, 3074, 3073, 3075, 3074, 3071, 3071, 3068, 3059, 3044, 3038, 3020, 3011, 2984, 2978, 2980, 2975, 2962, 2956, 2951, 2942, 2927, 2926, 2919, 2918, 2915, 2917, 2920, 2917, 2928, 2935, 2943, 2941, 2944, 2944, 2948, 2954, 2958, 2965, 2971, 2974, 2978, 2985, 2988, 2989, 2994, 2992, 2991, 2990, 2985, 2983, 2980, 2981, 2983, 2982, 2978, 2976, 2982, 2977, 2979, 2984, 2988, 2998, 3012, 3014, 3019, 3024, 3029, 3032, 3037, 3035, 3040, 3040, 3036, 3036, 3039, 3038, 3038, 3042, 3050, 3051, 3059, 3054, 3060, 3063, 3063, 3063, 3063, 3063, 3062, 3062, 3073, 3065, 3073, 3073, 3073, 3074, 3073, 3071, 3070, 3071, 3074, 3073, 3073, 3077, 3075, 3073, 3073, 3076, 3073, 3075, 3076, 3080, 3077, 3079
3071, 3071, 3071, 3072, 3071, 3075, 3074, 3077, 3072, 3070, 3072, 3072, 3074, 3074, 3077, 3075, 3076, 3070, 3072, 3066, 3070, 3065, 3056, 3028, 3005, 3000, 2982, 2980, 2973, 2973, 2969, 2969, 2972, 2967, 2966, 2966, 2966, 2961, 2961, 2954, 2959, 2962, 2963, 2965, 2972, 2972, 2982, 2980, 2987, 2989, 3004, 3006, 3006, 3005, 3003, 3000, 3002, 3007, 3010, 3010, 3011, 3013, 3009, 3011, 3014, 3014, 3022, 3026, 3032, 3035, 3051, 3052, 3060, 3061, 3061, 3063, 3069, 3068, 3069, 3071, 3076, 3077, 3075, 3075, 3077, 3077, 3078, 3080, 3079, 3078, 3080, 3079, 3080, 3079, 3079, 3080, 3078, 3076, 3073, 3072, 3072, 3076, 3075, 3076, 3077, 3076, 3075, 3076, 3075, 3077, 3082, 3080, 3078, 3078, 3078, 3079, 3072, 3071, 3070, 3065, 3059, 3059, 3061, 3063, 3065, 3060, 3059, 3059
3073, 3075, 3076, 3074, 3073, 3072, 3073, 3073, 3077, 3078, 3073, 3074, 3073, 3072, 3072, 3074, 3072, 3075, 3067, 3058, 3047, 3028, 3010, 2999, 2994, 2990, 2992, 2989, 2988, 2990, 2995, 2996, 2993, 2995, 2993, 2992, 2997, 3000, 3002, 3009, 3013, 3011, 3012, 3016, 3020, 3021, 3027, 3034, 3039, 3041, 3047, 3048, 3058, 3060, 3063, 3062, 3067, 3065, 3066, 3065, 3068, 3067, 3070, 3068, 3068, 3069, 3070, 3068, 3071, 3073, 3076, 3076, 3075, 3074, 3077, 3074, 3076, 3076, 3080, 3081, 3075, 3074, 3071, 3068, 3066, 3068, 3065, 3058, 3057, 3059, 3063, 3063, 3068, 3068, 3064, 3063, 3054, 3060, 3061, 3065, 3065, 3065, 3067, 3069, 3068, 3068, 3069, 3069, 3070, 3070, 3072, 3070, 3070, 3072, 3073, 3072, 3072, 3072, 3075, 3072, 3074, 3079, 3077, 3077, 3075, 3075, 3075, 3077
3069, 3070, 3074, 3071, 3072, 3074, 3073, 3071, 3069, 3068, 3071, 3075, 3070, 3073, 3069, 3068, 3071, 3070, 3069, 3071, 3069, 3061, 3057, 3041, 3019, 3007, 2982, 2958, 2936, 2916, 2900, 2886, 2886, 2885, 2881, 2880, 2888, 2887, 2896, 2898, 2910, 2915, 2928, 2927, 2938, 2941, 2953, 2956, 2961, 2959, 2966, 2961, 2960, 2960, 2958, 2962, 2960, 2959, 2963, 2961, 2968, 2970, 2983, 2986, 2998, 3002, 3000, 3000, 3007, 3012, 3020, 3022, 3027, 3027, 3030, 3029, 3036, 3038, 3047, 3051, 3055, 3054, 3052, 3056, 3060, 3060, 3063, 3063, 3068, 3066, 3067, 3068, 3072, 3072, 3071, 3072, 3072, 3074, 3074, 3073, 3077, 3076, 3076, 3073, 3077, 3076, 3079, 3077, 3080, 3077, 3079, 3077, 3079, 3076, 3076, 3076, 3080, 3076, 3077, 3076, 3075, 3079, 3078, 3081, 3079, 3083, 3080, 3088
3075, 3075, 3076, 3076, 3077, 3076, 3074, 3073, 3068, 3064, 3055, 3047, 3038, 3031, 3027, 3027, 3025, 3020, 3020, 3017, 3014, 3016, 3010, 3013, 3010, 3006, 2993, 2988, 2981, 2979, 2977, 2971, 2979, 2976, 2984, 2986, 2992, 2994, 2997, 2997, 3005, 3008, 3023, 3020, 3029, 3030, 3044, 3039, 3050, 3049, 3052, 3057, 3056, 3058, 3069, 3070, 3074, 3079, 3077, 3077, 3077, 3075, 3077, 3077, 3078, 3079, 3079, 3082, 3090, 3085, 3082, 3083, 3083, 3081, 3078, 3080, 3080, 3078, 3078, 3082, 3080, 3074, 3077, 3075, 3075, 3074, 3074, 3075, 3076, 3077, 3074, 3077, 3078, 3077, 3076, 3078, 3078, 3077, 3076, 3077, 3077, 3077, 3074, 3074, 3074, 3076, 3078, 3078, 3078, 3076, 3075, 3077, 3074, 3075, 3074, 3077, 3074, 3074, 3070, 3071, 3063, 3061, 3071, 3068, 3071, 3071, 3070, 3069
3074, 3071, 3070, 3069, 3070, 3069, 3067, 3065, 3056, 3055, 3051, 3048, 3039, 3036, 3027, 3021, 3014, 3007, 3009, 3006, 3003, 3005, 3007, 2999, 2996, 2991, 2989, 2998, 2998, 3000, 3004, 3003, 3009, 3010, 3017, 3016, 3020, 3018, 3021, 3028, 3025, 3028, 3020, 3021, 3028, 3025, 3030, 3035, 3037, 3039, 3041, 3041, 3045, 3047, 3050, 3053, 3054, 3056, 3062, 3063, 3068, 3069, 3071, 3070, 3071, 3070, 3072, 3072, 3072, 3074, 3074, 3075, 3078, 3079, 3076, 3077, 3077, 3080, 3081, 3077, 3077, 3074, 3071, 3074, 3074, 3074, 3077, 3075, 3078, 3075, 3076, 3074, 3076, 3076, 3077, 3076, 3075, 3075, 3077, 3077, 3080, 3079, 3082, 3079, 3076, 3078, 3076, 3075, 3075, 3070, 3072, 3071, 3068, 3068, 3070, 3071, 3070, 3070, 3072, 3072, 3073, 3073, 3074, 3074, 3074, 3075, 3072, 3072
3072, 3071, 3073, 3070, 3068, 3067, 3065, 3065, 3068, 3066, 3071, 3068, 3071, 3067, 3058, 3049, 3031, 3026, 3012, 3008, 3009, 3002, 3001, 3000, 3004, 2996, 2991, 2990, 2983, 2984, 2982, 2985, 2992, 2991, 2999, 2999, 3006, 3007, 3010, 3012, 3022, 3022, 3028, 3026, 3026, 3033, 3034, 3029, 3028, 3030, 3035, 3031, 3044, 3038, 3049, 3048, 3051, 3049, 3050, 3056, 3056, 3064, 3068, 3070, 3065, 3065, 3068, 3064, 3071, 3069, 3070, 3072, 3067, 3066, 3065, 3066, 3064, 3062, 3063, 3061, 3061, 3060, 3064, 3060, 3061, 3057, 3057, 3061, 3062, 3063, 3064, 3064, 3067, 3063, 3065, 3061, 3065, 3070, 3072, 3073, 3073, 3071, 3074, 3073, 3073, 3073, 3078, 3077, 3073, 3074, 3072, 3072, 3073, 3072, 3071, 3072, 3070, 3075, 3073, 3074, 3073, 3075, 3075, 3076, 3075, 3078, 3080, 3077
3073, 3074, 3072, 3074, 3072, 3073, 3073, 3075, 3074, 3073, 3073, 3073, 3072, 3068, 3071, 3072, 3073, 3076, 3077, 3078, 3078, 3078, 3072, 3058, 3031, 3016, 2983, 2958, 2922, 2906, 2878, 2867, 2857, 2852, 2845, 2841, 2843, 2842, 2842, 2841, 2843, 2841, 2844, 2844, 2839, 2839, 2841, 2844, 2845, 2846, 2846, 2848, 2854, 2856, 2868, 2869, 2881, 2886, 2899, 2901, 2909, 2910, 2915, 2917, 2927, 2931, 2934, 2937, 2940, 2942, 2945, 2948, 2955, 2962, 2976, 2975, 2987, 2993, 2999, 3002, 3002, 3003, 3001, 3000, 2999, 3002, 2998, 2999, 2994, 2992, 2987, 2988, 2989, 2992, 2997, 2997, 3004, 3004, 3010, 3016, 3032, 3032, 3041, 3048, 3053, 3059, 3060, 3061, 3067, 3078, 3082, 3092, 3099, 3089, 3086, 3086, 3089, 3089, 3091, 3090, 3098, 3083, 3080, 3079, 3077, 3075, 3079, 3075
3072, 3072, 3072, 3071, 3075, 3075, 3070, 3070, 3071, 3071, 3072, 3072, 3073, 3073, 3071, 3071, 3072, 3070, 3072, 3070, 3072, 3070, 3065, 3052, 3051, 3036, 3014, 2985, 2963, 2942, 2920, 2910, 2884, 2874, 2864, 2863, 2857, 2853, 2851, 2854, 2857, 2857, 2858, 2860, 2868, 2871, 2876, 2879, 2883, 2881, 2882, 2884, 2889, 2891, 2896, 2911, 2928, 2928, 2940, 2940, 2955, 2959, 2968, 2972, 2992, 2999, 3006, 3012, 3024, 3024, 3031, 3033, 3034, 3037, 3038, 3044, 3044, 3042, 3047, 3054, 3060, 3063, 3068, 3067, 3069, 3074, 3070, 3073, 3070, 3073, 3069, 3070, 3070, 3069, 3070, 3070, 3071, 3073, 3074, 3072, 3071, 3070, 3070, 3073, 3072, 3073, 3071, 3068, 3070, 3070, 3069, 3069, 3073, 3073, 3073, 3076, 3075, 3082, 3078, 3078, 3077, 3077, 3079, 3073, 3076, 3078, 3079, 3081
3069, 3068, 3067, 3070, 3073, 3072, 3073, 3075, 3073, 3070, 3070, 3070, 3071, 3069, 3072, 3071, 3069, 3070, 3070, 3065, 3056, 3044, 3022, 3000, 2981, 2971, 2959, 2948, 2942, 2941, 2937, 2937, 2941, 2945, 2952, 2951, 2958, 2960, 2968, 2968, 2977, 2982, 2989, 2991, 3000, 3002, 3008, 3011, 3018, 3020, 3030, 3024, 3016, 3014, 3009, 3015, 3020, 3019, 3023, 3023, 3032, 3036, 3039, 3042, 3042, 3041, 3048, 3042, 3043, 3043, 3049, 3042, 3045, 3044, 3049, 3048, 3050, 3048, 3058, 3059, 3064, 3062, 3070, 3072, 3071, 3072, 3072, 3073, 3076, 3073, 3076, 3074, 3076, 3079, 3082, 3082, 3081, 3080, 3080, 3081, 3078, 3078, 3078, 3084, 3077, 3077, 3080, 3080, 3079, 3078, 3080, 3079, 3078, 3080, 3083, 3085, 3081, 3084, 3077, 3078, 3084, 3081, 3079, 3082, 3081, 3082, 3080, 3076
3073, 3075, 3075, 3075, 3074, 3071, 3073, 3073, 3075, 3074, 3074, 3075, 3079, 3078, 3073, 3072, 3067, 3055, 3040, 3037, 3018, 3016, 3003, 3003, 3000, 2992, 2993, 2997, 2985, 2986, 2977, 2976, 2976, 2978, 2976, 2980, 2985, 2984, 2991, 2999, 3005, 3008, 3008, 3013, 3015, 3014, 3015, 3019, 3035, 3039, 3043, 3039, 3052, 3055, 3057, 3057, 3062, 3062, 3066, 3066, 3068, 3071, 3075, 3075, 3078, 3077, 3081, 3081, 3078, 3082, 3080, 3084, 3082, 3085, 3083, 3081, 3089, 3086, 3083, 3082, 3083, 3082, 3084, 3082, 3082, 3081, 3081, 3082, 3078, 3078, 3076, 3075, 3074, 3075, 3073, 3073, 3071, 3071, 3071, 3073, 3075, 3074, 3073, 3074, 3069, 3068, 3067, 3066, 3067, 3066, 3061, 3062, 3056, 3061, 3058, 3060, 3056, 3056, 3056, 3057, 3057, 3058, 3059, 3058, 3062, 3062, 3062, 3061
3068, 3068, 3067, 3067, 3070, 3068, 3069, 3070, 3068, 3067, 3070, 3068, 3069, 3072, 3069, 3068, 3063, 3066, 3058, 3054, 3047, 3037, 3033, 3013, 2997, 2990, 2971, 2973, 2969, 2963, 2959, 2952, 2950, 2947, 2948, 2950, 2954, 2955, 2966, 2966, 2976, 2975, 2987, 2983, 2989, 2990, 3004, 3007, 3010, 3014, 3020, 3020, 3023, 3024, 3034, 3038, 3042, 3042, 3042, 3040, 3047, 3047, 3064, 3062, 3066, 3067, 3072, 3073, 3074, 3072, 3071, 3071, 3066, 3067, 3064, 3066, 3067, 3067, 3070, 3070, 3071, 3073, 3072, 3074, 3071, 3077, 3077, 3079, 3078, 3077, 3075, 3077, 3077, 3076, 3076, 3078, 3077, 3075, 3075, 3073, 3074, 3076, 3074, 3075, 3075, 3076, 3078, 3078, 3077, 3076, 3077, 3076, 3076, 3077, 3078, 3077, 3075, 3075, 3077, 3075, 3077, 3078, 3080, 3081, 3082, 3080, 3081, 3079
3075, 3071, 3073, 3073, 3071, 3071, 3074, 3076, 3076, 3079, 3075, 3076, 3073, 3073, 3073, 3074, 3073, 3072, 3075, 3071, 3070, 3070, 3065, 3063, 3042, 3027, 3005, 2994, 2981, 2976, 2968, 2964, 2951, 2944, 2939, 2941, 2943, 2943, 2945, 2941, 2933, 2930, 2931, 2934, 2940, 2943, 2945, 2947, 2956, 2959, 2969, 2974, 2986, 2987, 2994, 2995, 3003, 3009, 3020, 3023, 3033, 3038, 3041, 3045, 3049, 3049, 3055, 3065, 3065, 3068, 3069, 3073, 3078, 3080, 3077, 3081, 3078, 3077, 3080, 3080, 3083, 3084, 3088, 3083, 3082, 3079, 3075, 3075, 3078, 3080, 3080, 3081, 3080, 3087, 3082, 3079, 3078, 3080, 3079, 3080, 3084, 3084, 3083, 3082, 3081, 3081, 3075, 3076, 3071, 3071, 3071, 3072, 3073, 3072, 3071, 3070, 3069, 3069, 3070, 3070, 3068, 3068, 3067, 3071, 3068, 3071, 3070, 3069
3074, 3073, 3072, 3073, 3069, 3074, 3073, 3073, 3073, 3071, 3071, 3070, 3066, 3058, 3058, 3051, 3057, 3050, 3032, 3031, 3034, 3020, 3016, 3000, 2999, 2993, 2992, 2991, 2992, 2992, 2991, 2985, 2986, 2979, 2974, 2972, 2969, 2963, 2956, 2958, 2956, 2956, 2960, 2961, 2967, 2964, 2974, 2981, 2993, 2998, 3006, 3005, 3013, 3016, 3022, 3027, 3036, 3036, 3045, 3051, 3053, 3060, 3065, 3066, 3065, 3065, 3069, 3072, 3072, 3075, 3076, 3075, 3078, 3078, 3079, 3080, 3082, 3084, 3084, 3088, 3082, 3082, 3083, 3079, 3083, 3083, 3079, 3079, 3081, 3081, 3084, 3083, 3080, 3081, 3077, 3077, 3075, 3074, 3077, 3073, 3072, 3077, 3078, 3073, 3081, 3075, 3078, 3074, 3080, 3081, 3078, 3078, 3077, 3077, 3074, 3074, 3077, 3075, 3076, 3078, 3076, 3076, 3075, 3075, 3075, 3077, 3079, 3077
3073, 3073, 3073, 3073, 3073, 3075, 3070, 3067, 3070, 3070, 3072, 3073, 3075, 3079, 3072, 3076, 3073, 3074, 3074, 3075, 3072, 3072, 3071, 3062, 3054, 3030, 3011, 2990, 2973, 2958, 2951, 2944, 2925, 2923, 2915, 2905, 2897, 2892, 2891, 2891, 2894, 2896, 2903, 2906, 2914, 2918, 2933, 2935, 2941, 2942, 2951, 2952, 2957, 2957, 2964, 2968, 2980, 2979, 2986, 2993, 2996, 3002, 3011, 3015, 3028, 3026, 3035, 3039, 3056, 3055, 3061, 3063, 3067, 3068, 3070, 3070, 3073, 3072, 3076, 3078, 3082, 3080, 3078, 3077, 3083, 3080, 3082, 3082, 3083, 3080, 3080, 3077, 3077, 3077, 3079, 3082, 3080, 3083, 3082, 3089, 3091, 3084, 3087, 3081, 3083, 3081, 3082, 3084, 3086, 3085, 3100, 3094, 3086, 3082, 3082, 3081, 3085, 3082, 3077, 3077, 3073, 3071, 3066, 3068, 3066, 3068, 3068, 3067
3069, 3070, 3070, 3070, 3071, 3073, 3071, 3071, 3074, 3078, 3074, 3077, 3076, 3073, 3068, 3068, 3070, 3066, 3065, 3057, 3053, 3040, 3026, 3015, 2998, 2988, 2990, 2985, 2983, 2982, 2980, 2981, 2988, 2988, 2992, 2996, 3006, 3010, 3011, 3012, 3018, 3019, 3025, 3027, 3031, 3036, 3036, 3039, 3048, 3041, 3040, 3045, 3057, 3055, 3058, 3068, 3067, 3066, 3066, 3069, 3069, 3071, 3071, 3072, 3075, 3075, 3073, 3077, 3073, 3075, 3076, 3075, 3077, 3076, 3074, 3077, 3074, 3076, 3076, 3078, 3077, 3078, 3080, 3078, 3080, 3074, 3075, 3075, 3075, 3072, 3072, 3074, 3070, 3070, 3072, 3069, 3066, 3069, 3067, 3070, 3068, 3068, 3065, 3066, 3068, 3065, 3070, 3071, 3072, 3077, 3073, 3073, 3071, 3072, 3072, 3070, 3072, 3071, 3075, 3074, 3074, 3074, 3074, 3076, 3073, 3075, 3075, 3076
3071, 3071, 3070, 3070, 3070, 3074, 3075, 3074, 3074, 3073, 3070, 3074, 3072, 3073, 3072, 3072, 3070, 3069, 3067, 3047, 3042, 3011, 2998, 2992, 2988, 2984, 2989, 2991, 2995, 2997, 3007, 3006, 3011, 3011, 3021, 3022, 3028, 3030, 3035, 3037, 3039, 3037, 3043, 3039, 3037, 3043, 3047, 3046, 3049, 3048, 3051, 3052, 3056, 3049, 3051, 3054, 3057, 3058, 3061, 3059, 3063, 3062, 3065, 3065, 3069, 3070, 3069, 3069, 3069, 3068, 3070, 3070, 3072, 3071, 3075, 3075, 3071, 3077, 3071, 3078, 3073, 3073, 3069, 3070, 3066, 3063, 3060, 3059, 3065, 3066, 3062, 3063, 3071, 3066, 3071, 3071, 3071, 3070, 3069, 3070, 3071, 3070, 3071, 3072, 3071, 3070, 3073, 3071, 3074, 3073, 3075, 3078, 3075, 3077, 3075, 3074, 3074, 3074, 3074, 3076, 3076, 3076, 3076, 3077, 3076, 3075, 3074, 3075
3071, 3072, 3074, 3073, 3076, 3074, 3073, 3073, 3072, 3074, 3075, 3075, 3075, 3073, 3076, 3075, 3073, 3072, 3073, 3072, 3076, 3074, 3077, 3079, 3074, 3070, 3040, 3020, 2986, 2955, 2923, 2905, 2873, 2868, 2860, 2853, 2852, 2850, 2845, 2845, 2844, 2843, 2841, 2840, 2842, 2843, 2843, 2841, 2840, 2842, 2839, 2844, 2844, 2847, 2844, 2865, 2859, 2864, 2869, 2874, 2883, 2889, 2903, 2907, 2922, 2924, 2937, 2942, 2951, 2955, 2960, 2964, 2979, 2979, 2994, 2998, 3013, 3013, 3018, 3021, 3027, 3031, 3035, 3036, 3044, 3042, 3051, 3046, 3050, 3046, 3049, 3049, 3053, 3051, 3053, 3055, 3057, 3062, 3061, 3058, 3056, 3058, 3056, 3056, 3055, 3052, 3057, 3053, 3055, 3054, 3053, 3051, 3051, 3051, 3052, 3052, 3053, 3057, 3066, 3066, 3073, 3070, 3064, 3066, 3061, 3062, 3063, 3066
3071, 3070, 3068, 3067, 3070, 3070, 3070, 3071, 3070, 3071, 3071, 3072, 3068, 3074, 3069, 3069, 3070, 3071, 3072, 3072, 3069, 3070, 3070, 3056, 3044, 3038, 3011, 3002, 2989, 2985, 2971, 2961, 2953, 2949, 2929, 2926, 2918, 2915, 2913, 2911, 2908, 2909, 2913, 2913, 2916, 2915, 2918, 2930, 2933, 2931, 2940, 2942, 2954, 2948, 2942, 2944, 2949, 2951, 2959, 2965, 2974, 2979, 2988, 2989, 2998, 2997, 3009, 3008, 3018, 3017, 3022, 3016, 3017, 3011, 3013, 3005, 3010, 3010, 3020, 3019, 3028, 3024, 3023, 3024, 3028, 3028, 3030, 3033, 3042, 3039, 3045, 3047, 3044, 3046, 3047, 3046, 3046, 3048, 3060, 3057, 3058, 3062, 3060, 3068, 3072, 3075, 3077, 3079, 3079, 3082, 3081, 3086, 3088, 3090, 3086, 3083, 3085, 3083, 3082, 3086, 3092, 3087, 3088, 3088, 3091, 3091, 3086, 3084
3068, 3069, 3072, 3074, 3071, 3071, 3069, 3068, 3072, 3072, 3069, 3072, 3070, 3069, 3070, 3072, 3070, 3070, 3066, 3064, 3053, 3049, 3037, 3029, 3023, 3010, 2999, 2997, 2984, 2982, 2970, 2967, 2955, 2955, 2952, 2946, 2948, 2948, 2958, 2963, 2971, 2973, 2977, 2979, 2981, 2983, 2989, 2996, 3007, 3010, 3013, 3017, 3020, 3020, 3022, 3021, 3024, 3021, 3025, 3026, 3035, 3033, 3035, 3037, 3039, 3041, 3043, 3045, 3051, 3053, 3067, 3061, 3071, 3072, 3071, 3074, 3073, 3076, 3076, 3076, 3074, 3076, 3077, 3078, 3083, 3081, 3080, 3076, 3076, 3074, 3073, 3073, 3071, 3072, 3068, 3070, 3068, 3066, 3063, 3064, 3062, 3056, 3064, 3049, 3058, 3059, 3062, 3060, 3064, 3063, 3065, 3068, 3064, 3063, 3066, 3067, 3065, 3068, 3066, 3064, 3064, 3068, 3066, 3065, 3066, 3065, 3065, 3068
3075, 3073, 3071, 3073, 3072, 3072, 3073, 3072, 3075, 3075, 3074, 3073, 3073, 3072, 3073, 3071, 3070, 3068, 3058, 3051, 3041, 3031, 3030, 3019, 3006, 3003, 2996, 2989, 2988, 2981, 2979, 2973, 2966, 2956, 2956, 2957, 2960, 2961, 2966, 2969, 2978, 2979, 2980, 2983, 2987, 2988, 2994, 2995, 2998, 2999, 3001, 3001, 3005, 3007, 3013, 3021, 3023, 3026, 3026, 3027, 3028, 3033, 3037, 3040, 3044, 3046, 3048, 3048, 3052, 3058, 3061, 3062, 3064, 3062, 3068, 3068, 3072, 3072, 3075, 3076, 3076, 3076, 3077, 3080, 3082, 3083, 3077, 3078, 3075, 3076, 3079, 3075, 3074, 3074, 3075, 3076, 3075, 3074, 3079, 3077, 3078, 3076, 3074, 3075, 3072, 3074, 3072, 3072, 3068, 3072, 3071, 3073, 3076, 3076, 3079, 3078, 3077, 3078, 3074, 3076, 3074, 3075, 3074, 3075, 3073, 3074, 3070, 3071
3075, 3078, 3077, 3075, 3074, 3074, 3072, 3073, 3074, 3072, 3072, 3073, 3073, 3074, 3076, 3074, 3078, 3068, 3068, 3053, 3047, 3042, 3030, 3021, 3011, 3004, 2994, 2992, 2985, 2972, 2971, 2972, 2968, 2973, 2977, 2976, 2965, 2962, 2964, 2966, 2969, 2973, 2976, 2987, 2990, 2992, 3001, 3000, 3005, 3006, 3011, 3017, 3018, 3017, 3033, 3031, 3035, 3036, 3047, 3050, 3057, 3059, 3063, 3065, 3068, 3066, 3067, 3071, 3073, 3072, 3075, 3075, 3078, 3076, 3081, 3080, 3078, 3075, 3075, 3073, 3077, 3074, 3075, 3070, 3075, 3076, 3074, 3076, 3074, 3075, 3074, 3076, 3072, 3075, 3074, 3072, 3074, 3074, 3074, 3075, 3078, 3076, 3076, 3075, 3079, 3075, 3077, 3078, 3078, 3077, 3075, 3076, 3077, 3078, 3076, 3077, 3074, 3073, 3069, 3069, 3068, 3071, 3070, 3071, 3073, 3072, 3070, 3070
3071, 3069, 3071, 3071, 3068, 3064, 3062, 3063, 3062, 3058, 3060, 3061, 3058, 3055, 3056, 3056, 3060, 3058, 3056, 3044, 3037, 3020, 3011, 2999, 2992, 2986, 2987, 2981, 2984, 2982, 2984, 2989, 2994, 2997, 3000, 3002, 3012, 3013, 3018, 3024, 3030, 3027, 3037, 3039, 3036, 3040, 3045, 3047, 3056, 3052, 3065, 3060, 3061, 3061, 3069, 3068, 3068, 3068, 3060, 3058, 3052, 3050, 3046, 3042, 3040, 3041, 3046, 3038, 3053, 3042, 3043, 3046, 3047, 3039, 3045, 3049, 3051, 3051, 3056, 3054, 3056, 3056, 3056, 3055, 3065, 3063, 3066, 3066, 3069, 3066, 3069, 3071, 3075, 3074, 3074, 3073, 3072, 3070, 3070, 3071, 3069, 3070, 3069, 3072, 3069, 3072, 3071, 3072, 3074, 3074, 3076, 3074, 3075, 3075, 3078, 3076, 3075, 3075, 3071, 3075, 3074, 3075, 3077, 3076, 3079, 3078, 3077, 3073
3069, 3069, 3067, 3068, 3070, 3071, 3071, 3069, 3069, 3069, 3069, 3066, 3069, 3066, 3067, 3067, 3067, 3068, 3072, 3071, 3070, 3062, 3054, 3047, 3030, 3023, 3006, 2988, 2974, 2953, 2941, 2940, 2933, 2925, 2924, 2920, 2921, 2917, 2915, 2914, 2917, 2918, 2922, 2924, 2925, 2926, 2939, 2947, 2963, 2967, 2980, 2978, 2985, 2989, 3001, 3006, 3021, 3021, 3029, 3031, 3042, 3042, 3051, 3049, 3064, 3052, 3055, 3059, 3057, 3060, 3069, 3070, 3067, 3066, 3071, 3069, 3064, 3063, 3072, 3069, 3073, 3074, 3075, 3073, 3077, 3076, 3079, 3077, 3077, 3080, 3078, 3079, 3080, 3082, 3081, 3081, 3081, 3079, 3079, 3083, 3088, 3077, 3077, 3077, 3077, 3078, 3076, 3076, 3080, 3079, 3082, 3081, 3080, 3081, 3079, 3077, 3075, 3077, 3074, 3075, 3078, 3078, 3079, 3081, 3080, 3076, 3073, 3074
3071, 3070, 3071, 3068, 3069, 3071, 3068, 3070, 3068, 3067, 3069, 3066, 3062, 3058, 3049, 3041, 3036, 3010, 3003, 3001, 3006, 2997, 2998, 2996, 2999, 2996, 2993, 2996, 2994, 2993, 2994, 2997, 3000, 2997, 2988, 2987, 2992, 2987, 2987, 2992, 2998, 3000, 3004, 3005, 3006, 3007, 3011, 3012, 3016, 3021, 3031, 3034, 3039, 3039, 3041, 3043, 3043, 3044, 3054, 3050, 3049, 3048, 3050, 3053, 3057, 3057, 3057, 3057, 3061, 3060, 3062, 3064, 3064, 3064, 3065, 3066, 3069, 3070, 3072, 3072, 3073, 3077, 3074, 3074, 3075, 3074, 3074, 3078, 3079, 3079, 3079, 3079, 3079, 3082, 3086, 3086, 3083, 3081, 3076, 3076, 3075, 3076, 3076, 3078, 3077, 3077, 3076, 3075, 3077, 3079, 3077, 3079, 3077, 3079, 3077, 3075, 3077, 3077, 3077, 3075, 3078, 3075, 3075, 3078, 3077, 3079, 3077, 3079
3067, 3068, 3067, 3068, 3070, 3068, 3070, 3070, 3070, 3070, 3068, 3070, 3070, 3072, 3068, 3071, 3070, 3070, 3067, 3064, 3060, 3040, 3035, 3026, 3023, 3017, 3005, 2997, 2976, 2961, 2943, 2933, 2920, 2908, 2902, 2901, 2903, 2905, 2913, 2916, 2929, 2932, 2940, 2942, 2953, 2956, 2964, 2969, 2984, 2986, 2994, 3000, 3007, 3005, 3006, 3006, 3006, 3003, 3005, 3004, 3007, 3010, 3009, 3012, 3013, 3015, 3026, 3029, 3030, 3033, 3043, 3045, 3042, 3046, 3048, 3050, 3054, 3055, 3057, 3055, 3055, 3056, 3062, 3059, 3065, 3066, 3069, 3073, 3073, 3074, 3073, 3076, 3075, 3076, 3077, 3077, 3074, 3076, 3080, 3082, 3082, 3087, 3079, 3078, 3075, 3076, 3077, 3076, 3074, 3071, 3073, 3074, 3071, 3073, 3072, 3073, 3074, 3074, 3071, 3076, 3076, 3079, 3076, 3076, 3077, 3076, 3079, 3079
3072, 3071, 3070, 3073, 3074, 3072, 3072, 3070, 3069, 3071, 3066, 3063, 3061, 3051, 3040, 3037, 3032, 3035, 3033, 3028, 3030, 3019, 3008, 3000, 2999, 2995, 2994, 2995, 2992, 2988, 2994, 2992, 2992, 2993, 2998, 3002, 3010, 3011, 3009, 3013, 3016, 3020, 3025, 3030, 3036, 3035, 3041, 3040, 3045, 3047, 3058, 3050, 3060, 3057, 3065, 3068, 3069, 3070, 3067, 3066, 3066, 3068, 3056, 3054, 3063, 3053, 3062, 3055, 3066, 3067, 3069, 3070, 3071, 3072, 3073, 3076, 3075, 3075, 3075, 3077, 3075, 3076, 3077, 3076, 3077, 3076, 3077, 3077, 3078, 3075, 3074, 3073, 3073, 3073, 3068, 3076, 3075, 3073, 3074, 3074, 3071, 3075, 3077, 3074, 3072, 3074, 3072, 3072, 3068, 3064, 3065, 3065, 3065, 3065, 3066, 3066, 3066, 3066, 3063, 3063, 3061, 3066, 3062, 3062, 3065, 3065, 3068, 3068
3075, 3071, 3069, 3070, 3073, 3074, 3071, 3072, 3073, 3073, 3070, 3071, 3073, 3072, 3075, 3073, 3072, 3071, 3073, 3075, 3075, 3074, 3071, 3059, 3044, 3035, 3007, 2997, 2976, 2967, 2954, 2934, 2928, 2923, 2899, 2896, 2895, 2892, 2891, 2892, 2900, 2902, 2909, 2910, 2909, 2907, 2908, 2907, 2908, 2907, 2910, 2912, 2914, 2922, 2931, 2941, 2951, 2954, 2959, 2960, 2977, 2975, 2986, 2986, 2995, 2998, 3006, 3004, 3014, 3017, 3028, 3029, 3028, 3028, 3036, 3027, 3023, 3026, 3024, 3025, 3031, 3029, 3037, 3037, 3046, 3051, 3063, 3058, 3062, 3065, 3068, 3068, 3072, 3070, 3071, 3070, 3068, 3069, 3068, 3067, 3066, 3069, 3068, 3069, 3071, 3071, 3072, 3073, 3075, 3074, 3076, 3075, 3075, 3074, 3076, 3076, 3078, 3076, 3078, 3081, 3080, 3080, 3081, 3084, 3089, 3081, 3081, 3081
3075, 3076, 3073, 3070, 3071, 3072, 3074, 3073, 3077, 3078, 3073, 3072, 3072, 3071, 3072, 3074, 3074, 3074, 3073, 3060, 3053, 3042, 3029, 3023, 3019, 3011, 2997, 2991, 2983, 2981, 2980, 2979, 2978, 2977, 2978, 2974, 2975, 2976, 2972, 2976, 2981, 2979, 2983, 2985, 2993, 2992, 2998, 3001, 3004, 3001, 3005, 3006, 3013, 3011, 3015, 3017, 3026, 3027, 3031, 3039, 3040, 3045, 3057, 3057, 3056, 3061, 3068, 3070, 3070, 3072, 3070, 3072, 3072, 3072, 3074, 3073, 3071, 3074, 3071, 3071, 3076, 3072, 3072, 3072, 3073, 3070, 3071, 3069, 3070, 3071, 3069, 3066, 3064, 3064, 3064, 3065, 3067, 3070, 3070, 3068, 3069, 3069, 3069, 3070, 3071, 3069, 3070, 3070, 3072, 3075, 3071, 3073, 3069, 3068, 3068, 3067, 3068, 3071, 3071, 3069, 3070, 3073, 3071, 3073, 3074, 3074, 3071, 3074
3073, 3076, 3073, 3074, 3073, 3073, 3077, 3078, 3076, 3076, 3072, 3074, 3071, 3070, 3058, 3052, 3041, 3035, 3013, 3013, 3012, 3005, 2996, 2996, 2990, 2995, 2997, 3004, 3006, 3003, 3010, 3013, 3018, 3020, 3023, 3024, 3040, 3031, 3039, 3042, 3048, 3048, 3049, 3054, 3056, 3060, 3067, 3066, 3069, 3069, 3069, 3069, 3071, 3072, 3073, 3074, 3076, 3076, 3079, 3077, 3079, 3078, 3078, 3081, 3080, 3080, 3081, 3077, 3077, 3076, 3076, 3077, 3078, 3078, 3082, 3081, 3076, 3078, 3079, 3077, 3080, 3079, 3077, 3080, 3076, 3080, 3077, 3077, 3079, 3076, 3077, 3078, 3076, 3076, 3078, 3076, 3079, 3074, 3076, 3074, 3077, 3076, 3077, 3076, 3074, 3077, 3074, 3074, 3075, 3075, 3075, 3075, 3075, 3075, 3072, 3072, 3074, 3074, 3074, 3075, 3074, 3074, 3071, 3073, 3077, 3077, 3073, 3075
3072, 3072, 3073, 3073, 3071, 3069, 3067, 3070, 3070, 3070, 3072, 3069, 3069, 3069, 3068, 3065, 3065, 3057, 3060, 3050, 3050, 3041, 3037, 3036, 3030, 3003, 2988, 2981, 2977, 2969, 2970, 2967, 2966, 2966, 2963, 2958, 2957, 2954, 2957, 2959, 2965, 2963, 2961, 2964, 2965, 2967, 2970, 2964, 2968, 2967, 2971, 2978, 2982, 2986, 2990, 2991, 2994, 3000, 3009, 3014, 3026, 3023, 3029, 3033, 3046, 3049, 3059, 3061, 3067, 3067, 3063, 3062, 3063, 3062, 3066, 3067, 3073, 3072, 3072, 3072, 3071, 3074, 3076, 3076, 3075, 3075, 3073, 3076, 3076, 3075, 3077, 3076, 3071, 3071, 3065, 3063, 3066, 3067, 3069, 3072, 3070, 3070, 3073, 3073, 3076, 3076, 3075, 3073, 3073, 3070, 3072, 3071, 3072, 3073, 3074, 3074, 3076, 3078, 3080, 3079, 3080, 3079, 3078, 3080, 3077, 3079, 3079, 3080
3069, 3067, 3069, 3072, 3072, 3071, 3069, 3068, 3068, 3069, 3070, 3072, 3071, 3073, 3070, 3069, 3071, 3070, 3066, 3065, 3045, 3041, 3034, 3015, 3013, 3007, 2980, 2966, 2958, 2953, 2952, 2952, 2955, 2956, 2962, 2965, 2969, 2971, 2979, 2983, 2984, 2972, 2966, 2967, 2964, 2964, 2961, 2960, 2960, 2964, 2964, 2967, 2972, 2978, 2990, 3001, 3009, 3012, 3011, 3015, 3020, 3020, 3021, 3031, 3033, 3039, 3041, 3041, 3044, 3048, 3062, 3063, 3065, 3066, 3067, 3067, 3068, 3073, 3076, 3075, 3077, 3078, 3080, 3082, 3082, 3087, 3086, 3091, 3100, 3097, 3086, 3084, 3085, 3083, 3080, 3081, 3082, 3079, 3084, 3080, 3078, 3078, 3076, 3071, 3074, 3071, 3074, 3073, 3073, 3076, 3074, 3076, 3078, 3075, 3073, 3072, 3075, 3073, 3076, 3080, 3079, 3079, 3076, 3076, 3077, 3078, 3079, 3078
3074, 3073, 3071, 3070, 3068, 3068, 3069, 3069, 3071, 3069, 3071, 3072, 3073, 3073, 3070, 3071, 3069, 3070, 3073, 3068, 3055, 3042, 3032, 3009, 2997, 2992, 2984, 2974, 2979, 2978, 2964, 2962, 2971, 2970, 2979, 2981, 2990, 2989, 3000, 3005, 3012, 3009, 3016, 3015, 3017, 3019, 3020, 3030, 3032, 3032, 3033, 3032, 3037, 3025, 3030, 3028, 3037, 3038, 3043, 3040, 3049, 3047, 3051, 3053, 3054, 3050, 3053, 3052, 3052, 3052, 3059, 3059, 3061, 3061, 3063, 3060, 3059, 3062, 3059, 3062, 3064, 3063, 3066, 3065, 3063, 3066, 3070, 3069, 3072, 3076, 3077, 3077, 3077, 3077, 3078, 3078, 3078, 3074, 3073, 3074, 3072, 3073, 3074, 3076, 3078, 3078, 3079, 3076, 3077, 3076, 3075, 3076, 3077, 3076, 3077, 3074, 3074, 3072, 3073, 3075, 3073, 3070, 3073, 3074, 3071, 3072, 3073, 3070
3071, 3070, 3070, 3072, 3075, 3077, 3073, 3072, 3073, 3071, 3073, 3067, 3063, 3058, 3049, 3049, 3042, 3035, 3024, 3014, 3010, 3003, 3000, 2999, 2998, 2989, 2986, 2985, 2988, 2986, 2992, 2994, 2998, 2999, 3003, 2997, 2998, 3000, 3013, 3008, 3017, 3018, 3016, 3019, 3024, 3029, 3039, 3040, 3048, 3049, 3048, 3058, 3064, 3063, 3067, 3067, 3067, 3068, 3070, 3071, 3072, 3070, 3070, 3071, 3071, 3069, 3071, 3071, 3073, 3077, 3074, 3067, 3066, 3060, 3056, 3054, 3051, 3045, 3044, 3045, 3050, 3045, 3050, 3052, 3055, 3056, 3063, 3064, 3065, 3067, 3069, 3067, 3068, 3067, 3070, 3071, 3074, 3074, 3075, 3077, 3078, 3078, 3074, 3075, 3071, 3069, 3067, 3069, 3067, 3065, 3067, 3070, 3071, 3068, 3069, 3067, 3067, 3070, 3067, 3071, 3070, 3069, 3070, 3070, 3074, 3071, 3073, 3075
3074, 3074, 3069, 3068, 3069, 3071, 3072, 3073, 3071, 3070, 3069, 3071, 3068, 3068, 3070, 3065, 3062, 3055, 3033, 3020, 3007, 3000, 2999, 2996, 2994, 2989, 2996, 2987, 2989, 2994, 2998, 2999, 3009, 3011, 3020, 3024, 3031, 3030, 3036, 3035, 3039, 3042, 3044, 3046, 3050, 3050, 3050, 3053, 3059, 3056, 3066, 3061, 3065, 3066, 3070, 3070, 3070, 3074, 3072, 3075, 3076, 3074, 3075, 3074, 3073, 3074, 3075, 3077, 3075, 3075, 3075, 3080, 3075, 3077, 3079, 3074, 3074, 3077, 3075, 3078, 3076, 3074, 3073, 3073, 3075, 3078, 3077, 3084, 3080, 3076, 3074, 3075, 3073, 3076, 3076, 3076, 3077, 3077, 3077, 3076, 3076, 3077, 3076, 3076, 3075, 3073, 3075, 3073, 3073, 3073, 3072, 3070, 3071, 3070, 3071, 3072, 3073, 3074, 3072, 3070, 3072, 3074, 3072, 3072, 3073, 3073, 3073, 3075
3075, 3073, 3072, 3071, 3070, 3072, 3072, 3073, 3071, 3074, 3076, 3074, 3074, 3075, 3073, 3070, 3074, 3073, 3074, 3072, 3069, 3068, 3056, 3036, 3012, 3005, 2978, 2962, 2954, 2947, 2940, 2932, 2939, 2937, 2936, 2936, 2939, 2942, 2945, 2949, 2953, 2955, 2958, 2960, 2969, 2980, 2990, 2991, 2995, 2994, 2997, 2998, 3005, 3009, 3016, 3019, 3023, 3024, 3037, 3036, 3037, 3039, 3054, 3053, 3060, 3058, 3062, 3060, 3066, 3066, 3067, 3068, 3069, 3070, 3072, 3071, 3073, 3075, 3075, 3075, 3076, 3077, 3074, 3073, 3068, 3069, 3067, 3063, 3065, 3063, 3065, 3061, 3066, 3062, 3065, 3064, 3069, 3069, 3070, 3069, 3070, 3068, 3072, 3072, 3073, 3075, 3075, 3076, 3074, 3077, 3072, 3074, 3076, 3075, 3075, 3077, 3075, 3076, 3076, 3079, 3078, 3081, 3077, 3077, 3077, 3087, 3079, 3087
3072, 3071, 3070, 3072, 3075, 3074, 3073, 3071, 3071, 3073, 3075, 3073, 3071, 3075, 3077, 3075, 3074, 3077, 3075, 3073, 3055, 3041, 3016, 3012, 3003, 2995, 2992, 2989, 2992, 2992, 2996, 2997, 3001, 3006, 3012, 3017, 3019, 3021, 3028, 3034, 3043, 3042, 3046, 3045, 3049, 3052, 3049, 3054, 3058, 3062, 3062, 3063, 3065, 3065, 3068, 3068, 3069, 3069, 3070, 3071, 3072, 3073, 3069, 3067, 3065, 3063, 3063, 3063, 3065, 3063, 3062, 3066, 3068, 3069, 3067, 3070, 3067, 3064, 3066, 3066, 3068, 3068, 3069, 3069, 3069, 3066, 3065, 3059, 3065, 3065, 3063, 3065, 3068, 3067, 3066, 3069, 3072, 3073, 3073, 3072, 3071, 3070, 3076, 3079, 3074, 3073, 3072, 3073, 3072, 3073, 3073, 3075, 3074, 3076, 3074, 3070, 3067, 3067, 3069, 3069, 3069, 3070, 3071, 3069, 3070, 3069, 3071, 3070
3074, 3077, 3074, 3076, 3074, 3074, 3074, 3075, 3075, 3077, 3077, 3075, 3074, 3076, 3077, 3077, 3076, 3075, 3078, 3074, 3074, 3072, 3071, 3063, 3052, 3045, 3026, 2997, 2978, 2964, 2941, 2932, 2916, 2905, 2891, 2886, 2883, 2883, 2875, 2879, 2878, 2881, 2884, 2887, 2895, 2898, 2907, 2908, 2911, 2912, 2920, 2925, 2934, 2945, 2948, 2961, 2964, 2965, 2971, 2974, 2986, 2983, 2992, 2992, 3000, 3004, 3012, 3017, 3024, 3027, 3035, 3034, 3047, 3044, 3048, 3056, 3061, 3058, 3066, 3064, 3068, 3069, 3069, 3071, 3076, 3075, 3078, 3083, 3077, 3081, 3075, 3079, 3076, 3077, 3076, 3076, 3075, 3079, 3075, 3078, 3078, 3076, 3075, 3075, 3078, 3077, 3076, 3076, 3077, 3076, 3073, 3077, 3074, 3074, 3074, 3070, 3069, 3067, 3065, 3066, 3069, 3070, 3063, 3061, 3065, 3068, 3069, 3073
3068, 3068, 3068, 3069, 3069, 3073, 3070, 3072, 3071, 3074, 3072, 3069, 3071, 3069, 3069, 3069, 3068, 3062, 3058, 3055, 3037, 3028, 3022, 3013, 3005, 2998, 2995, 2987, 2981, 2974, 2967, 2964, 2959, 2953, 2957, 2959, 2952, 2951, 2963, 2958, 2965, 2966, 2967, 2973, 2978, 2977, 2980, 2987, 3001, 3000, 3006, 3009, 3014, 3015, 3025, 3028, 3034, 3033, 3038, 3041, 3044, 3045, 3057, 3057, 3061, 3061, 3053, 3055, 3049, 3053, 3056, 3060, 3069, 3065, 3067, 3068, 3064, 3063, 3063, 3060, 3055, 3053, 3057, 3061, 3054, 3060, 3068, 3068, 3065, 3067, 3069, 3071, 3072, 3072, 3076, 3073, 3074, 3077, 3074, 3077, 3078, 3078, 3077, 3079, 3076, 3076, 3076, 3074, 3073, 3072, 3072, 3070, 3073, 3073, 3075, 3074, 3076, 3074, 3074, 3078, 3081, 3075, 3077, 3075, 3081, 3080, 3076, 3074
3066, 3064, 3066, 3066, 3064, 3070, 3068, 3067, 3069, 3066, 3072, 3070, 3072, 3070, 3073, 3064, 3063, 3060, 3061, 3061, 3059, 3038, 3020, 3012, 2994, 2990, 2989, 2988, 2994, 2992, 2991, 2999, 3008, 3009, 3016, 3020, 3027, 3030, 3035, 3035, 3049, 3043, 3057, 3054, 3062, 3061, 3063, 3064, 3065, 3067, 3068, 3068, 3068, 3067, 3068, 3071, 3070, 3070, 3071, 3071, 3072, 3071, 3072, 3074, 3075, 3074, 3076, 3075, 3076, 3076, 3075, 3075, 3075, 3073, 3075, 3075, 3078, 3078, 3080, 3079, 3078, 3078, 3075, 3075, 3074, 3076, 3074, 3073, 3072, 3073, 3076, 3074, 3077, 3078, 3080, 3077, 3076, 3075, 3078, 3077, 3078, 3078, 3081, 3080, 3077, 3078, 3076, 3079, 3078, 3079, 3073, 3075, 3072, 3071, 3075, 3073, 3076, 3074, 3074, 3073, 3075, 3076, 3073, 3072, 3073, 3073, 3072, 3072
3070, 3070, 3070, 3073, 3071, 3067, 3070, 3066, 3074, 3074, 3076, 3073, 3074, 3073, 3073, 3074, 3073, 3075, 3074, 3073, 3073, 3057, 3058, 3039, 3029, 3007, 2995, 2969, 2959, 2951, 2935, 2926, 2912, 2908, 2904, 2898, 2904, 2903, 2909, 2921, 2929, 2930, 2933, 2933, 2936, 2937, 2936, 2934, 2935, 2936, 2937, 2943, 2949, 2951, 2962, 2968, 2983, 2983, 2999, 3002, 3015, 3017, 3022, 3025, 3036, 3043, 3039, 3042, 3049, 3042, 3054, 3054, 3067, 3070, 3069, 3072, 3072, 3066, 3067, 3070, 3071, 3075, 3075, 3079, 3076, 3076, 3075, 3073, 3075, 3073, 3072, 3073, 3069, 3068, 3067, 3068, 3068, 3069, 3067, 3065, 3065, 3062, 3061, 3060, 3062, 3063, 3061, 3062, 3056, 3057, 3060, 3061, 3060, 3054, 3055, 3056, 3057, 3064, 3065, 3068, 3069, 3068, 3069, 3070, 3070, 3072, 3074, 3075
3075, 3075, 3074, 3074, 3076, 3075, 3075, 3075, 3075, 3075, 3074, 3071, 3068, 3063, 3056, 3045, 3031, 3018, 3002, 3001, 3002, 3005, 3001, 2998, 3000, 2988, 2995, 2990, 3003, 3001, 3001, 2999, 3000, 2994, 2994, 3000, 3009, 3012, 3016, 3018, 3020, 3024, 3033, 3035, 3040, 3042, 3046, 3049, 3051, 3056, 3067, 3068, 3074, 3071, 3068, 3064, 3064, 3067, 3069, 3071, 3068, 3070, 3071, 3071, 3077, 3075, 3077, 3077, 3072, 3074, 3076, 3075, 3075, 3074, 3074, 3075, 3074, 3075, 3077, 3077, 3079, 3076, 3081, 3078, 3079, 3077, 3079, 3079, 3074, 3081, 3073, 3072, 3072, 3071, 3072, 3072, 3071, 3069, 3066, 3069, 3069, 3069, 3071, 3072, 3073, 3073, 3078, 3076, 3075, 3073, 3074, 3073, 3070, 3069, 3072, 3072, 3075, 3074, 3078, 3073, 3070, 3067, 3067, 3069, 3073, 3074, 3072, 3071
3071, 3073, 3072, 3071, 3070, 3070, 3071, 3070, 3072, 3069, 3069, 3065, 3071, 3071, 3073, 3074, 3076, 3070, 3065, 3045, 3025, 3012, 2999, 2996, 2990, 2990, 2987, 2988, 2998, 2997, 3006, 3005, 3010, 3012, 3018, 3021, 3023, 3026, 3038, 3034, 3038, 3044, 3047, 3049, 3057, 3057, 3057, 3060, 3064, 3062, 3064, 3066, 3071, 3068, 3069, 3070, 3071, 3071, 3072, 3074, 3072, 3074, 3076, 3074, 3076, 3075, 3078, 3076, 3074, 3074, 3074, 3074, 3073, 3076, 3081, 3081, 3081, 3084, 3079, 3078, 3080, 3078, 3078, 3077, 3077, 3077, 3078, 3076, 3078, 3078, 3079, 3080, 3076, 3076, 3075, 3078, 3075, 3079, 3076, 3076, 3075, 3074, 3075, 3078, 3078, 3081, 3076, 3075, 3072, 3072, 3072, 3074, 3073, 3076, 3076, 3074, 3075, 3076, 3074, 3072, 3074, 3073, 3071, 3071, 3072, 3075, 3073, 3075
3067, 3070, 3068, 3069, 3069, 3068, 3069, 3068, 3070, 3069, 3072, 3070, 3072, 3072, 3072, 3071, 3073, 3073, 3071, 3073, 3074, 3075, 3076, 3072, 3069, 3054, 3035, 3010, 2980, 2952, 2930, 2914, 2900, 2895, 2889, 2887, 2890, 2881, 2878, 2875, 2873, 2871, 2875, 2884, 2875, 2876, 2873, 2873, 2874, 2875, 2880, 2879, 2889, 2888, 2902, 2905, 2917, 2916, 2923, 2925, 2940, 2950, 2964, 2966, 2980, 2981, 2993, 2997, 3003, 3005, 3009, 3010, 3024, 3018, 3029, 3027, 3038, 3040, 3044, 3040, 3045, 3041, 3045, 3046, 3052, 3054, 3056, 3063, 3062, 3063, 3070, 3071, 3075, 3075, 3082, 3082, 3080, 3080, 3085, 3089, 3089, 3091, 3101, 3091, 3091, 3093, 3105, 3096, 3087, 3086, 3083, 3084, 3083, 3082, 3083, 3083, 3078, 3077, 3076, 3078, 3077, 3078, 3079, 3078, 3079, 3079, 3078, 3079
3072, 3074, 3074, 3075, 3075, 3074, 3075, 3071, 3070, 3072, 3075, 3075, 3077, 3077, 3073, 3072, 3071, 3067, 3061, 3058, 3052, 3049, 3032, 3025, 3020, 3007, 3002, 2991, 2984, 2985, 2981, 2977, 2988, 2985, 2987, 2986, 2991, 2991, 2994, 2997, 2998, 3001, 3003, 3002, 2998, 2998, 3003, 3002, 3002, 3004, 3001, 3001, 3003, 3005, 3011, 3013, 3019, 3021, 3023, 3030, 3031, 3039, 3044, 3045, 3044, 3043, 3046, 3045, 3049, 3055, 3054, 3056, 3059, 3058, 3061, 3062, 3065, 3066, 3067, 3068, 3068, 3069, 3072, 3076, 3073, 3076, 3077, 3076, 3071, 3076, 3069, 3074, 3074, 3073, 3073, 3072, 3075, 3073, 3075, 3078, 3076, 3075, 3072, 3072, 3069, 3066, 3071, 3070, 3071, 3067, 3069, 3070, 3072, 3072, 3075, 3073, 3073, 3073, 3072, 3073, 3071, 3073, 3074, 3075, 3077, 3077, 3075, 3078
3067, 3067, 3071, 3068, 3071, 3071, 3073, 3073, 3070, 3071, 3073, 3074, 3071, 3076, 3071, 3075, 3075, 3079, 3076, 3078, 3076, 3065, 3040, 3024, 3011, 2990, 2965, 2958, 2936, 2926, 2915, 2903, 2896, 2882, 2876, 2875, 2876, 2874, 2880, 2879, 2883, 2880, 2880, 2875, 2876, 2873, 2871, 2881, 2877, 2873, 2875, 2875, 2887, 2889, 2902, 2901, 2907, 2905, 2911, 2916, 2930, 2935, 2949, 2953, 2972, 2974, 2986, 2991, 3011, 3012, 3018, 3022, 3026, 3033, 3037, 3033, 3037, 3034, 3040, 3039, 3046, 3044, 3045, 3046, 3048, 3048, 3051, 3049, 3059, 3056, 3054, 3056, 3066, 3066, 3070, 3071, 3073, 3074, 3075, 3075, 3077, 3078, 3078, 3078, 3076, 3073, 3072, 3069, 3072, 3071, 3073, 3076, 3079, 3081, 3078, 3079, 3076, 3075, 3075, 3074, 3074, 3074, 3077, 3076, 3078, 3078, 3083, 3081
3066, 3069, 3068, 3070, 3074, 3073, 3070, 3072, 3070, 3072, 3070, 3072, 3071, 3070, 3071, 3069, 3069, 3065, 3048, 3033, 3033, 3018, 3004, 3003, 3001, 3000, 2996, 2991, 2989, 2986, 2981, 2975, 2975, 2968, 2974, 2971, 2976, 2974, 2981, 2985, 2994, 2996, 3001, 3002, 3007, 3015, 3025, 3028, 3038, 3037, 3054, 3049, 3058, 3057, 3062, 3066, 3065, 3066, 3065, 3072, 3072, 3074, 3077, 3078, 3080, 3082, 3076, 3078, 3076, 3077, 3079, 3078, 3077, 3076, 3077, 3079, 3079, 3080, 3080, 3080, 3079, 3080, 3079, 3079, 3080, 3080, 3080, 3077, 3080, 3079, 3080, 3079, 3080, 3081, 3078, 3077, 3078, 3078, 3081, 3082, 3078, 3077, 3076, 3078, 3076, 3076, 3076, 3077, 3075, 3078, 3075, 3074, 3073, 3073, 3068, 3070, 3066, 3064, 3062, 3064, 3063, 3066, 3068, 3067, 3066, 3064, 3067, 3065
3073, 3073, 3075, 3074, 3073, 3073, 3075, 3074, 3074, 3074, 3073, 3073, 3074, 3074, 3075, 3075, 3073, 3072, 3072, 3065, 3064, 3048, 3022, 3012, 3001, 2991, 2989, 2987, 2986, 2988, 2995, 2996, 3001, 3002, 3004, 3007, 3015, 3015, 3020, 3021, 3030, 3029, 3036, 3045, 3042, 3045, 3052, 3055, 3057, 3054, 3056, 3052, 3055, 3056, 3056, 3058, 3060, 3060, 3060, 3061, 3064, 3064, 3066, 3066, 3070, 3071, 3069, 3070, 3069, 3071, 3070, 3074, 3071, 3073, 3071, 3072, 3068, 3069, 3068, 3067, 3069, 3071, 3071, 3073, 3072, 3076, 3077, 3074, 3077, 3074, 3076, 3074, 3076, 3075, 3076, 3072, 3073, 3074, 3076, 3075, 3076, 3075, 3077, 3076, 3075, 3075, 3077, 3077, 3075, 3076, 3080, 3078, 3076, 3082, 3076, 3079, 3075, 3077, 3075, 3073, 3074, 3076, 3075, 3074, 3074, 3074, 3072, 3074
3076, 3074, 3073, 3072, 3073, 3072, 3077, 3076, 3076, 3074, 3070, 3071, 3072, 3074, 3073, 3072, 3055, 3052, 3037, 3025, 3022, 3016, 3009, 3010, 2998, 2989, 2985, 2987, 2985, 2986, 2996, 2998, 3006, 3007, 3011, 3009, 3012, 3015, 3016, 3016, 3016, 3016, 3020, 3020, 3027, 3031, 3032, 3037, 3047, 3049, 3046, 3047, 3050, 3046, 3037, 3044, 3040, 3039, 3031, 3036, 3049, 3054, 3053, 3052, 3059, 3053, 3059, 3058, 3063, 3065, 3066, 3067, 3067, 3069, 3070, 3072, 3072, 3072, 3073, 3075, 3075, 3075, 3074, 3075, 3075, 3076, 3077, 3076, 3079, 3080, 3077, 3078, 3079, 3078, 3081, 3075, 3079, 3085, 3078, 3085, 3079, 3076, 3078, 3079, 3082, 3081, 3080, 3078, 3076, 3078, 3076, 3077, 3077, 3077, 3077, 3077, 3076, 3079, 3078, 3078, 3075, 3076, 3076, 3076, 3075, 3076, 3078, 3075
3069, 3070, 3069, 3069, 3069, 3070, 3069, 3069, 3069, 3067, 3061, 3062, 3061, 3064, 3066, 3064, 3067, 3065, 3066, 3063, 3060, 3058, 3042, 3028, 3006, 2998, 2992, 2988, 2988, 2982, 2985, 2995, 3003, 3002, 3004, 3006, 3015, 3015, 3018, 3023, 3030, 3029, 3030, 3032, 3039, 3040, 3041, 3043, 3042, 3040, 3047, 3044, 3058, 3055, 3061, 3056, 3065, 3062, 3066, 3062, 3070, 3067, 3070, 3066, 3070, 3066, 3063, 3065, 3063, 3064, 3060, 3062, 3067, 3067, 3070, 3072, 3070, 3071, 3066, 3065, 3062, 3060, 3064, 3062, 3059, 3062, 3061, 3063, 3061, 3064, 3070, 3068, 3068, 3065, 3066, 3067, 3069, 3072, 3071, 3074, 3070, 3072, 3070, 3072, 3071, 3075, 3078, 3073, 3075, 3075, 3072, 3072, 3075, 3072, 3076, 3075, 3077, 3073, 3075, 3075, 3073, 3072, 3072, 3072, 3074, 3079, 3079, 3078
3074, 3071, 3073, 3075, 3075, 3077, 3076, 3075, 3075, 3073, 3072, 3073, 3072, 3069, 3056, 3047, 3047, 3034, 3029, 3017, 3004, 3002, 2997, 2996, 2997, 2995, 2999, 2998, 2999, 3000, 3004, 3005, 3008, 3012, 3020, 3018, 3023, 3021, 3025, 3025, 3023, 3025, 3031, 3042, 3041, 3042, 3046, 3044, 3050, 3050, 3061, 3064, 3063, 3061, 3060, 3062, 3059, 3058, 3060, 3061, 3065, 3067, 3067, 3068, 3064, 3062, 3063, 3064, 3071, 3069, 3068, 3071, 3066, 3067, 3061, 3059, 3063, 3064, 3064, 3067, 3070, 3069, 3068, 3070, 3071, 3075, 3074, 3076, 3080, 3077, 3076, 3076, 3074, 3073, 3075, 3075, 3077, 3077, 3075, 3074, 3074, 3075, 3075, 3073, 3076, 3077, 3076, 3077, 3074, 3074, 3072, 3073, 3074, 3077, 3075, 3079, 3074, 3072, 3070, 3071, 3072, 3075, 3076, 3075, 3077, 3073, 3072, 3071
3071, 3071, 3072, 3068, 3068, 3068, 3070, 3070, 3071, 3070, 3068, 3070, 3070, 3068, 3072, 3073, 3070, 3072, 3069, 3067, 3068, 3067, 3061, 3056, 3031, 3026, 3013, 2995, 2987, 2985, 2978, 2972, 2974, 2968, 2963, 2964, 2966, 2967, 2976, 2977, 2984, 2986, 2999, 3000, 2999, 2999, 2988, 2984, 2983, 2979, 2980, 2980, 2986, 2989, 2991, 2993, 3006, 3011, 3021, 3021, 3035, 3032, 3039, 3035, 3046, 3049, 3059, 3062, 3066, 3060, 3067, 3065, 3068, 3070, 3071, 3072, 3069, 3071, 3071, 3071, 3070, 3074, 3076, 3074, 3073, 3073, 3073, 3074, 3078, 3077, 3078, 3075, 3074, 3074, 3075, 3078, 3079, 3083, 3075, 3076, 3078, 3077, 3075, 3074, 3069, 3069, 3064, 3064, 3063, 3065, 3063, 3066, 3066, 3061, 3062, 3062, 3061, 3060, 3064, 3065, 3063, 3063, 3062, 3063, 3059, 3059, 3067, 3064
3075, 3074, 3067, 3068, 3067, 3066, 3068, 3069, 3069, 3069, 3069, 3070, 3074, 3073, 3070, 3069, 3070, 3070, 3069, 3069, 3066, 3062, 3055, 3038, 3025, 3020, 3000, 2995, 2986, 2973, 2967, 2959, 2949, 2943, 2938, 2936, 2941, 2940, 2940, 2940, 2944, 2943, 2943, 2940, 2941, 2943, 2943, 2947, 2952, 2955, 2972, 2972, 2981, 2984, 2993, 2998, 3000, 3001, 3011, 3008, 3007, 3009, 3017, 3018, 3017, 3016, 3017, 3020, 3025, 3026, 3039, 3042, 3049, 3050, 3058, 3056, 3061, 3060, 3064, 3063, 3066, 3067, 3066, 3065, 3064, 3056, 3059, 3055, 3057, 3060, 3065, 3064, 3064, 3063, 3069, 3062, 3072, 3073, 3072, 3071, 3073, 3070, 3072, 3072, 3073, 3072, 3075, 3076, 3077, 3075, 3078, 3076, 3077, 3076, 3075, 3074, 3075, 3074, 3075, 3076, 3076, 3079, 3076, 3077, 3077, 3077, 3079, 3083
3072, 3070, 3072, 3071, 3070, 3071, 3074, 3071, 3075, 3073, 3072, 3075, 3074, 3071, 3071, 3069, 3071, 3074, 3076, 3073, 3073, 3064, 3063, 3047, 3041, 3039, 3024, 3019, 2994, 2985, 2980, 2976, 2979, 2976, 2978, 2981, 2977, 2978, 2985, 2984, 2987, 2987, 2994, 2993, 3003, 3001, 3007, 3010, 3022, 3022, 3025, 3029, 3026, 3030, 3031, 3034, 3038, 3035, 3040, 3042, 3043, 3054, 3057, 3055, 3069, 3063, 3068, 3063, 3065, 3066, 3068, 3068, 3067, 3069, 3071, 3074, 3077, 3075, 3079, 3078, 3078, 3077, 3076, 3075, 3075, 3075, 3076, 3077, 3078, 3080, 3078, 3077, 3080, 3075, 3071, 3075, 3074, 3076, 3073, 3079, 3073, 3075, 3075, 3073, 3074, 3073, 3075, 3076, 3079, 3076, 3078, 3072, 3074, 3070, 3072, 3072, 3074, 3076, 3076, 3074, 3075, 3073, 3073, 3072, 3072, 3075, 3078, 3073
3070, 3071, 3067, 3069, 3071, 3070, 3071, 3073, 3071, 3073, 3072, 3070, 3071, 3073, 3070, 3070, 3071, 3070, 3072, 3072, 3061, 3053, 3027, 3017, 2996, 2982, 2971, 2957, 2948, 2947, 2943, 2934, 2932, 2922, 2924, 2921, 2925, 2926, 2931, 2931, 2934, 2938, 2946, 2947, 2957, 2964, 2975, 2978, 2985, 2989, 2997, 2997, 3002, 3011, 3020, 3020, 3026, 3028, 3040, 3045, 3057, 3059, 3064, 3066, 3064, 3067, 3069, 3070, 3070, 3069, 3064, 3063, 3048, 3046, 3048, 3050, 3051, 3052, 3052, 3051, 3051, 3049, 3043, 3047, 3047, 3049, 3043, 3048, 3049, 3051, 3061, 3057, 3066, 3067, 3068, 3067, 3064, 3066, 3066, 3068, 3071, 3071, 3071, 3070, 3073, 3072, 3072, 3076, 3074, 3075, 3075, 3075, 3078, 3078, 3078, 3076, 3078, 3076, 3079, 3079, 3079, 3082, 3081, 3086, 3081, 3080, 3080, 3079
3068, 3072, 3070, 3076, 3074, 3075, 3073, 3071, 3069, 3071, 3070, 3070, 3072, 3072, 3073, 3073, 3070, 3068, 3060, 3060, 3054, 3041, 3030, 3018, 3004, 3001, 2993, 2995, 2989, 2987, 2990, 2984, 2979, 2983, 2984, 2986, 2984, 2986, 2987, 2986, 2992, 2993, 3000, 3001, 3016, 3010, 3019, 3021, 3028, 3030, 3036, 3039, 3048, 3043, 3041, 3049, 3055, 3048, 3057, 3054, 3058, 3057, 3060, 3059, 3064, 3064, 3067, 3065, 3072, 3069, 3072, 3074, 3076, 3076, 3081, 3080, 3077, 3076, 3076, 3074, 3073, 3076, 3075, 3076, 3076, 3078, 3076, 3076, 3075, 3077, 3076, 3077, 3075, 3075, 3074, 3072, 3071, 3066, 3070, 3068, 3071, 3073, 3071, 3074, 3073, 3073, 3073, 3076, 3074, 3073, 3075, 3076, 3073, 3072, 3070, 3067, 3067, 3061, 3063, 3067, 3064, 3063, 3060, 3058, 3059, 3059, 3052, 3052
3075, 3074, 3075, 3075, 3072, 3073, 3072, 3071, 3073, 3074, 3076, 3077, 3074, 3071, 3068, 3067, 3062, 3054, 3051, 3036, 3023, 3018, 3015, 3012, 3011, 3007, 3003, 3001, 2995, 2984, 2972, 2973, 2968, 2966, 2964, 2966, 2970, 2967, 2976, 2982, 2991, 2994, 2997, 3000, 3001, 3002, 3002, 3000, 3001, 2998, 3001, 2999, 3003, 3004, 3007, 3012, 3025, 3027, 3034, 3035, 3043, 3045, 3045, 3048, 3051, 3050, 3054, 3055, 3065, 3063, 3068, 3071, 3071, 3074, 3072, 3071, 3070, 3071, 3072, 3070, 3071, 3071, 3069, 3068, 3067, 3064, 3064, 3065, 3066, 3066, 3067, 3069, 3068, 3070, 3068, 3070, 3071, 3074, 3074, 3076, 3074, 3078, 3077, 3077, 3075, 3077, 3077, 3075, 3077, 3079, 3077, 3079, 3076, 3079, 3076, 3076, 3077, 3076, 3078, 3075, 3076, 3077, 3077, 3079, 3076, 3075, 3073, 3073
3073, 3070, 3072, 3075, 3073, 3071, 3074, 3074, 3073, 3071, 3071, 3071, 3070, 3068, 3058, 3051, 3037, 3036, 3032, 3018, 3017, 3011, 3006, 3006, 3001, 2996, 2984, 2986, 2980, 2982, 2979, 2977, 2978, 2974, 2975, 2975, 2978, 2981, 2983, 2983, 2986, 2992, 2998, 3007, 3019, 3017, 3022, 3024, 3028, 3026, 3032, 3028, 3034, 3030, 3030, 3030, 3035, 3033, 3037, 3042, 3056, 3060, 3059, 3053, 3065, 3060, 3071, 3068, 3075, 3075, 3073, 3074, 3075, 3079, 3081, 3079, 3080, 3078, 3082, 3082, 3079, 3079, 3075, 3076, 3072, 3071, 3065, 3066, 3066, 3065, 3066, 3067, 3064, 3064, 3063, 3060, 3062, 3061, 3068, 3064, 3066, 3070, 3071, 3073, 3075, 3071, 3074, 3073, 3066, 3068, 3071, 3071, 3075, 3073, 3070, 3073, 3075, 3074, 3077, 3080, 3078, 3080, 3080, 3077, 3075, 3079, 3077, 3079
3073, 3075, 3076, 3076, 3075, 3075, 3073, 3073, 3073, 3075, 3077, 3075, 3074, 3074, 3073, 3075, 3071, 3066, 3059, 3041, 3036, 3030, 3010, 3003, 2989, 2983, 2968, 2951, 2940, 2933, 2926, 2925, 2921, 2919, 2915, 2918, 2916, 2917, 2918, 2921, 2926, 2927, 2935, 2942, 2950, 2954, 2954, 2954, 2954, 2953, 2954, 2961, 2967, 2970, 2963, 2961, 2962, 2957, 2957, 2957, 2968, 2969, 2980, 2980, 2988, 2983, 2995, 2998, 3003, 3005, 3009, 3009, 3005, 3009, 3012, 3017, 3026, 3028, 3034, 3035, 3042, 3043, 3048, 3056, 3058, 3064, 3065, 3063, 3066, 3065, 3068, 3068, 3068, 3070, 3067, 3071, 3071, 3072, 3073, 3074, 3077, 3075, 3073, 3072, 3072, 3074, 3071, 3071, 3071, 3071, 3074, 3073, 3073, 3082, 3079, 3082, 3080, 3078, 3076, 3076, 3075, 3079, 3080, 3083, 3085, 3085, 3080, 3079
3070, 3074, 3070, 3072, 3073, 3072, 3072, 3072, 3072, 3073, 3073, 3072, 3073, 3070, 3070, 3070, 3074, 3071, 3074, 3074, 3074, 3073, 3074, 3069, 3061, 3037, 3012, 3001, 2978, 2970, 2961, 2954, 2943, 2945, 2947, 2950, 2952, 2955, 2951, 2954, 2964, 2966, 2968, 2969, 2976, 2974, 2979, 2984, 2986, 2987, 2992, 2995, 2999, 2999, 2999, 3005, 3010, 3007, 3029, 3023, 3032, 3033, 3034, 3037, 3049, 3042, 3053, 3049, 3067, 3060, 3064, 3060, 3065, 3051, 3055, 3052, 3062, 3058, 3066, 3066, 3068, 3070, 3072, 3072, 3071, 3064, 3060, 3054, 3049, 3054, 3062, 3062, 3064, 3065, 3070, 3069, 3070, 3066, 3072, 3066, 3069, 3069, 3065, 3063, 3061, 3062, 3066, 3066, 3071, 3069, 3070, 3071, 3071, 3074, 3071, 3072, 3073, 3074, 3076, 3075, 3075, 3076, 3076, 3075, 3075, 3076, 3078, 3078
3068, 3068, 3071, 3074, 3072, 3072, 3072, 3070, 3070, 3067, 3070, 3071, 3074, 3071, 3073, 3074, 3072, 3074, 3076, 3074, 3075, 3072, 3071, 3070, 3072, 3056, 3037, 3020, 2981, 2965, 2940, 2933, 2904, 2894, 2893, 2890, 2891, 2888, 2889, 2891, 2889, 2889, 2896, 2899, 2916, 2921, 2932, 2934, 2939, 2946, 2955, 2961, 2970, 2975, 2986, 2989, 3002, 3000, 3012, 3012, 3026, 3025, 3032, 3030, 3042, 3042, 3038, 3042, 3040, 3042, 3046, 3041, 3046, 3046, 3058, 3056, 3067, 3068, 3068, 3063, 3056, 3056, 3060, 3057, 3058, 3061, 3055, 3057, 3055, 3052, 3057, 3060, 3064, 3065, 3070, 3073, 3071, 3072, 3071, 3074, 3076, 3076, 3078, 3078, 3081, 3084, 3090, 3087, 3082, 3084, 3082, 3080, 3079, 3077, 3081, 3079, 3077, 3076, 3078, 3080, 3078, 3078, 3074, 3074, 3073, 3075, 3074, 3075
3068, 3068, 3072, 3069, 3069, 3068, 3071, 3070, 3069, 3070, 3071, 3072, 3074, 3074, 3075, 3075, 3072, 3073, 3070, 3073, 3073, 3075, 3076, 3077, 3076, 3068, 3050, 3028, 3014, 2976, 2952, 2931, 2892, 2878, 2857, 2851, 2843, 2839, 2840, 2838, 2839, 2837, 2832, 2843, 2833, 2833, 2833, 2829, 2830, 2834, 2835, 2833, 2838, 2834, 2838, 2841, 2846, 2850, 2856, 2859, 2870, 2868, 2875, 2874, 2877, 2879, 2886, 2895, 2906, 2913, 2922, 2928, 2941, 2947, 2964, 2976, 2985, 2988, 2995, 2993, 2996, 3002, 3007, 3010, 3016, 3014, 3017, 3019, 3022, 3025, 3034, 3035, 3044, 3040, 3041, 3041, 3051, 3044, 3049, 3047, 3045, 3042, 3045, 3042, 3035, 3032, 3041, 3039, 3052, 3048, 3044, 3041, 3040, 3044, 3044, 3041, 3043, 3049, 3062, 3063, 3066, 3069, 3071, 3070, 3075, 3075, 3077, 3080
3069, 3070, 3070, 3068, 3072, 3070, 3071, 3068, 3074, 3075, 3075, 3074, 3074, 3074, 3074, 3075, 3074, 3072, 3074, 3067, 3065, 3050, 3041, 3028, 3019, 3000, 2984, 2978, 2974, 2966, 2962, 2963, 2965, 2966, 2965, 2964, 2967, 2960, 2960, 2956, 2955, 2954, 2953, 2952, 2953, 2953, 2958, 2956, 2959, 2959, 2964, 2965, 2973, 2974, 2991, 2998, 3006, 3008, 3015, 3018, 3024, 3026, 3030, 3043, 3047, 3042, 3050, 3049, 3043, 3043, 3050, 3046, 3057, 3051, 3047, 3048, 3045, 3044, 3042, 3046, 3044, 3047, 3049, 3057, 3055, 3057, 3060, 3060, 3057, 3056, 3057, 3056, 3061, 3058, 3061, 3062, 3065, 3068, 3066, 3068, 3069, 3068, 3070, 3070, 3066, 3071, 3071, 3075, 3072, 3073, 3077, 3075, 3077, 3078, 3082, 3080, 3079, 3079, 3078, 3078, 3088, 3080, 3079, 3079, 3074, 3072, 3072, 3071
3074, 3075, 3070, 3072, 3069, 3067, 3065, 3055, 3046, 3038, 3035, 3025, 3026, 3024, 3021, 3020, 3026, 3014, 3006, 3003, 3006, 3002, 3011, 3004, 2995, 2994, 2989, 2987, 2985, 2987, 2989, 2985, 2985, 2983, 2983, 2984, 2992, 2993, 2996, 2996, 3003, 3006, 3022, 3022, 3027, 3026, 3032, 3037, 3039, 3043, 3055, 3050, 3061, 3061, 3064, 3069, 3070, 3070, 3070, 3071, 3072, 3075, 3077, 3074, 3075, 3077, 3078, 3081, 3080, 3085, 3080, 3078, 3078, 3087, 3079, 3085, 3078, 3079, 3079, 3079, 3074, 3075, 3070, 3073, 3068, 3066, 3069, 3066, 3065, 3067, 3071, 3070, 3072, 3071, 3072, 3069, 3071, 3071, 3073, 3073, 3072, 3074, 3072, 3073, 3069, 3069, 3066, 3070, 3069, 3069, 3068, 3067, 3065, 3063, 3065, 3067, 3063, 3063, 3068, 3066, 3068, 3070, 3072, 3072, 3073, 3070, 3073, 3073
3073, 3073, 3072, 3074, 3070, 3071, 3071, 3071, 3073, 3072, 3072, 3066, 3064, 3064, 3062, 3058, 3048, 3049, 3037, 3033, 3026, 3011, 2999, 2999, 2994, 2991, 2990, 2986, 2989, 2984, 2982, 2984, 2987, 2974, 2964, 2962, 2966, 2968, 2963, 2963, 2971, 2969, 2983, 2986, 2994, 2996, 3000, 3006, 3011, 3008, 3011, 3011, 3021, 3021, 3024, 3025, 3034, 3034, 3048, 3048, 3051, 3052, 3053, 3053, 3053, 3053, 3054, 3058, 3055, 3054, 3055, 3052, 3050, 3046, 3052, 3045, 3046, 3048, 3045, 3049, 3050, 3055, 3061, 3061, 3062, 3063, 3064, 3066, 3069, 3069, 3071, 3073, 3070, 3075, 3076, 3075, 3076, 3076, 3077, 3077, 3075, 3078, 3078, 3081, 3078, 3080, 3077, 3077, 3073, 3073, 3074, 3073, 3073, 3075, 3077, 3077, 3073, 3072, 3073, 3076, 3083, 3083, 3075, 3076, 3074, 3074, 3068, 3070
3070, 3071, 3071, 3073, 3070, 3070, 3069, 3066, 3059, 3063, 3056, 3062, 3051, 3057, 3059, 3055, 3055, 3055, 3063, 3059, 3064, 3062, 3041, 3036, 3019, 3009, 3005, 2982, 2971, 2964, 2964, 2956, 2957, 2957, 2962, 2963, 2967, 2965, 2965, 2968, 2969, 2969, 2968, 2968, 2972, 2970, 2977, 2983, 2996, 2993, 3009, 3010, 3013, 3014, 3021, 3017, 3028, 3027, 3036, 3038, 3047, 3055, 3063, 3063, 3065, 3066, 3069, 3066, 3067, 3069, 3068, 3067, 3066, 3066, 3062, 3065, 3068, 3065, 3070, 3070, 3068, 3062, 3064, 3063, 3063, 3065, 3066, 3066, 3072, 3073, 3077, 3076, 3083, 3081, 3087, 3082, 3081, 3081, 3081, 3082, 3084, 3085, 3087, 3082, 3086, 3087, 3084, 3084, 3082, 3084, 3083, 3082, 3079, 3078, 3079, 3079, 3074, 3077, 3071, 3067, 3060, 3041, 3034, 3033, 3034, 3032, 3029, 3032
3066, 3064, 3062, 3065, 3063, 3066, 3064, 3065, 3066, 3068, 3057, 3054, 3049, 3036, 3029, 3030, 3041, 3028, 3020, 3022, 3018, 3018, 3011, 3008, 3003, 2999, 2996, 2997, 2997, 2994, 2996, 2984, 2984, 2979, 2983, 2983, 2990, 2995, 3003, 3009, 3014, 3023, 3031, 3035, 3035, 3038, 3045, 3042, 3050, 3046, 3050, 3056, 3063, 3062, 3063, 3070, 3071, 3073, 3076, 3077, 3076, 3078, 3077, 3078, 3079, 3080, 3083, 3083, 3081, 3081, 3081, 3078, 3082, 3080, 3083, 3082, 3085, 3081, 3079, 3079, 3076, 3074, 3075, 3065, 3064, 3062, 3058, 3057, 3058, 3055, 3055, 3056, 3065, 3067, 3070, 3068, 3071, 3066, 3068, 3070, 3071, 3069, 3071, 3073, 3073, 3073, 3074, 3073, 3073, 3075, 3074, 3074, 3077, 3074, 3075, 3077, 3075, 3075, 3075, 3077, 3076, 3077, 3079, 3079, 3074, 3076, 3076, 3076
3072, 3069, 3071, 3071, 3071, 3070, 3072, 3072, 3071, 3065, 3061, 3061, 3056, 3053, 3051, 3049, 3038, 3038, 3038, 3030, 3025, 3014, 3009, 3006, 3004, 2999, 2992, 2995, 2990, 2989, 2986, 2977, 2977, 2974, 2974, 2976, 2975, 2979, 2981, 2982, 2982, 2987, 2990, 2998, 3010, 3007, 3014, 3017, 3026, 3027, 3040, 3039, 3055, 3052, 3051, 3059, 3063, 3060, 3061, 3067, 3073, 3072, 3073, 3074, 3075, 3078, 3080, 3079, 3083, 3078, 3078, 3081, 3076, 3076, 3076, 3075, 3076, 3075, 3068, 3066, 3065, 3063, 3065, 3063, 3062, 3063, 3057, 3057, 3057, 3057, 3061, 3061, 3056, 3057, 3058, 3056, 3058, 3055, 3066, 3061, 3065, 3066, 3065, 3066, 3069, 3067, 3067, 3072, 3066, 3069, 3072, 3069, 3072, 3073, 3077, 3076, 3083, 3074, 3075, 3075, 3074, 3076, 3074, 3074, 3072, 3075, 3074, 3077
3070, 3070, 3070, 3068, 3074, 3072, 3073, 3073, 3074, 3074, 3071, 3072, 3068, 3070, 3071, 3072, 3072, 3072, 3072, 3072, 3069, 3057, 3052, 3049, 3034, 3025, 3005, 3003, 2990, 2988, 2994, 2989, 2989, 2991, 2993, 3001, 3009, 3009, 3005, 3012, 3015, 3016, 3025, 3023, 3035, 3047, 3045, 3051, 3059, 3059, 3061, 3062, 3063, 3064, 3065, 3066, 3067, 3067, 3066, 3067, 3069, 3071, 3071, 3070, 3070, 3072, 3074, 3078, 3077, 3077, 3076, 3078, 3079, 3079, 3079, 3082, 3082, 3082, 3079, 3078, 3077, 3079, 3078, 3080, 3078, 3080, 3077, 3077, 3078, 3081, 3079, 3079, 3081, 3078, 3079, 3078, 3076, 3076, 3079, 3081, 3076, 3076, 3077, 3077, 3075, 3074, 3072, 3072, 3072, 3068, 3070, 3071, 3072, 3067, 3073, 3072, 3072, 3072, 3072, 3073, 3074, 3072, 3071, 3072, 3070, 3069, 3074, 3077
3070, 3068, 3067, 3068, 3068, 3070, 3072, 3072, 3073, 3069, 3073, 3072, 3070, 3071, 3073, 3073, 3072, 3068, 3065, 3054, 3038, 3020, 3008, 2995, 2984, 2974, 2945, 2936, 2914, 2899, 2887, 2881, 2878, 2883, 2881, 2887, 2895, 2896, 2894, 2896, 2895, 2895, 2899, 2897, 2908, 2909, 2912, 2918, 2928, 2934, 2939, 2940, 2948, 2956, 2972, 2980, 2991, 2995, 2998, 3002, 3015, 3016, 3025, 3032, 3039, 3042, 3049, 3054, 3059, 3063, 3064, 3069, 3077, 3074, 3077, 3077, 3080, 3080, 3081, 3085, 3092, 3088, 3092, 3087, 3088, 3089, 3110, 3102, 3098, 3097, 3089, 3087, 3086, 3087, 3086, 3086, 3087, 3089, 3087, 3084, 3084, 3091, 3087, 3086, 3088, 3088, 3087, 3087, 3085, 3085, 3083, 3083, 3082, 3085, 3087, 3085, 3088, 3089, 3089, 3087, 3079, 3078, 3080, 3079, 3081, 3082, 3083, 3082
3067, 3067, 3066, 3066, 3068, 3069, 3067, 3068, 3069, 3071, 3072, 3069, 3070, 3071, 3069, 3070, 3067, 3063, 3059, 3052, 3050, 3047, 3040, 3035, 3020, 3006, 2994, 2980, 2970, 2967, 2963, 2957, 2957, 2963, 2965, 2968, 2974, 2978, 2982, 2985, 2991, 2993, 3000, 3002, 3011, 3005, 3013, 3014, 3022, 3024, 3032, 3033, 3039, 3043, 3049, 3057, 3055, 3062, 3067, 3069, 3070, 3070, 3069, 3070, 3073, 3073, 3072, 3073, 3076, 3073, 3074, 3074, 3074, 3072, 3077, 3075, 3075, 3075, 3076, 3079, 3077, 3077, 3079, 3081, 3078, 3081, 3075, 3075, 3074, 3070, 3068, 3067, 3069, 3069, 3069, 3070, 3072, 3073, 3073, 3072, 3071, 3072, 3074, 3075, 3072, 3075, 3073, 3076, 3078, 3075, 3074, 3072, 3071, 3074, 3073, 3071, 3071, 3070, 3068, 3070, 3069, 3071, 3072, 3072, 3074, 3073, 3073, 3071
3072, 3074, 3072, 3069, 3071, 3069, 3072, 3071, 3076, 3073, 3074, 3075, 3072, 3067, 3070, 3070, 3072, 3074, 3073, 3075, 3073, 3071, 3050, 3041, 3022, 2998, 2968, 2959, 2937, 2918, 2897, 2881, 2866, 2859, 2851, 2848, 2850, 2847, 2844, 2844, 2849, 2845, 2843, 2847, 2842, 2850, 2845, 2859, 2858, 2857, 2859, 2859, 2871, 2872, 2884, 2886, 2899, 2897, 2898, 2900, 2907, 2908, 2919, 2918, 2929, 2933, 2941, 2943, 2956, 2958, 2971, 2978, 2985, 2988, 3006, 3010, 3014, 3019, 3024, 3028, 3043, 3045, 3051, 3053, 3058, 3060, 3068, 3068, 3073, 3074, 3075, 3074, 3076, 3075, 3074, 3077, 3083, 3081, 3085, 3091, 3088, 3081, 3081, 3077, 3076, 3073, 3074, 3074, 3076, 3077, 3077, 3082, 3079, 3077, 3074, 3076, 3076, 3077, 3079, 3078, 3081, 3081, 3079, 3080, 3080, 3082, 3086, 3083
3070, 3071, 3071, 3071, 3068, 3070, 3071, 3069, 3069, 3068, 3066, 3062, 3055, 3053, 3047, 3038, 3046, 3039, 3035, 3034, 3016, 3019, 3017, 3013, 3006, 3004, 2994, 2994, 2988, 2990, 2994, 2997, 3002, 3001, 3000, 3000, 3001, 2997, 2994, 2995, 2993, 2994, 2990, 2989, 2988, 2987, 2996, 2996, 3011, 3015, 3022, 3023, 3020, 3021, 3026, 3030, 3039, 3041, 3046, 3051, 3055, 3061, 3060, 3059, 3060, 3060, 3062, 3061, 3064, 3063, 3066, 3068, 3072, 3070, 3076, 3076, 3078, 3078, 3080, 3078, 3078, 3076, 3075, 3076, 3075, 3076, 3073, 3073, 3075, 3074, 3072, 3073, 3074, 3073, 3074, 3074, 3073, 3072, 3073, 3076, 3076, 3076, 3076, 3079, 3074, 3074, 3075, 3075, 3077, 3080, 3077, 3079, 3075, 3076, 3075, 3074, 3074, 3075, 3072, 3072, 3073, 3075, 3074, 3075, 3076, 3073, 3065, 3073
3069, 3072, 3068, 3071, 3066, 3068, 3067, 3065, 3065, 3066, 3053, 3055, 3034, 3018, 3011, 3007, 3006, 3005, 3007, 3005, 3007, 3006, 3009, 3008, 3006, 3002, 3001, 3000, 3002, 3002, 3004, 3005, 3011, 3011, 3017, 3022, 3025, 3022, 3027, 3028, 3041, 3041, 3048, 3052, 3046, 3051, 3058, 3057, 3067, 3068, 3071, 3069, 3070, 3071, 3073, 3071, 3074, 3073, 3074, 3074, 3075, 3074, 3074, 3075, 3075, 3081, 3075, 3077, 3077, 3074, 3073, 3072, 3074, 3073, 3071, 3073, 3073, 3074, 3078, 3076, 3077, 3075, 3076, 3076, 3076, 3077, 3078, 3078, 3073, 3075, 3075, 3078, 3076, 3075, 3078, 3077, 3080, 3079, 3079, 3079, 3077, 3076, 3074, 3076, 3075, 3075, 3076, 3076, 3077, 3075, 3077, 3074, 3076, 3074, 3077, 3077, 3075, 3074, 3074, 3076, 3074, 3074, 3078, 3077, 3075, 3074, 3073, 3073
3074, 3073, 3073, 3070, 3071, 3072, 3072, 3072, 3074, 3072, 3072, 3071, 3070, 3069, 3073, 3071, 3075, 3068, 3066, 3050, 3046, 3032, 3010, 3007, 2999, 2993, 2980, 2974, 2961, 2954, 2931, 2923, 2914, 2910, 2909, 2905, 2911, 2913, 2918, 2915, 2923, 2924, 2928, 2931, 2945, 2944, 2947, 2949, 2952, 2954, 2966, 2970, 2980, 2980, 2984, 2985, 2987, 2985, 2990, 2992, 2994, 2994, 3004, 2997, 2986, 2985, 2984, 2988, 2998, 3002, 3007, 3008, 3015, 3021, 3024, 3026, 3035, 3042, 3054, 3057, 3062, 3065, 3062, 3061, 3063, 3063, 3060, 3060, 3070, 3070, 3073, 3074, 3076, 3076, 3076, 3075, 3079, 3082, 3084, 3086, 3077, 3073, 3068, 3069, 3064, 3064, 3068, 3068, 3063, 3062, 3062, 3061, 3061, 3061, 3063, 3067, 3062, 3062, 3059, 3056, 3052, 3053, 3058, 3056, 3059, 3057, 3059, 3060
3073, 3070, 3073, 3071, 3069, 3069, 3069, 3068, 3070, 3070, 3071, 3074, 3071, 3072, 3072, 3072, 3056, 3043, 3030, 3024, 3021, 3017, 3013, 3009, 3006, 2997, 2997, 2998, 3001, 2996, 2995, 2999, 3005, 3003, 3008, 3007, 3013, 3017, 3022, 3022, 3023, 3019, 3023, 3022, 3024, 3021, 3029, 3022, 3018, 3015, 3010, 3013, 3016, 3017, 3021, 3021, 3030, 3027, 3035, 3034, 3047, 3041, 3046, 3049, 3048, 3051, 3054, 3058, 3053, 3054, 3064, 3061, 3061, 3064, 3070, 3073, 3076, 3074, 3073, 3073, 3076, 3079, 3078, 3079, 3079, 3082, 3080, 3079, 3081, 3079, 3081, 3080, 3081, 3080, 3084, 3087, 3091, 3082, 3081, 3083, 3082, 3081, 3080, 3080, 3082, 3080, 3089, 3087, 3082, 3083, 3080, 3079, 3079, 3079, 3078, 3079, 3079, 3079, 3079, 3080, 3079, 3079, 3075, 3076, 3077, 3077, 3080, 3079
3073, 3071, 3072, 3073, 3074, 3073, 3072, 3073, 3073, 3075, 3071, 3073, 3074, 3072, 3072, 3072, 3068, 3067, 3055, 3051, 3039, 3032, 3019, 3005, 2997, 2990, 2986, 2985, 2983, 2978, 2976, 2976, 2975, 2970, 2972, 2972, 2972, 2974, 2974, 2978, 2985, 2989, 2996, 2997, 2997, 2998, 3002, 3000, 3006, 3004, 3006, 3008, 3016, 3016, 3021, 3024, 3027, 3029, 3034, 3036, 3039, 3036, 3038, 3039, 3038, 3040, 3041, 3049, 3041, 3039, 3046, 3039, 3032, 3029, 3023, 3021, 3028, 3027, 3018, 3022, 3032, 3035, 3040, 3041, 3050, 3050, 3053, 3057, 3062, 3060, 3063, 3064, 3066, 3066, 3067, 3067, 3067, 3066, 3067, 3067, 3067, 3069, 3066, 3065, 3067, 3063, 3063, 3059, 3061, 3062, 3059, 3057, 3055, 3054, 3056, 3058, 3064, 3063, 3063, 3068, 3069, 3068, 3070, 3074, 3072, 3075, 3075, 3074
3076, 3076, 3075, 3073, 3064, 3062, 3055, 3044, 3036, 3036, 3032, 3026, 3015, 3013, 3016, 3016, 3013, 3011, 3006, 3003, 3003, 2996, 3001, 2995, 2992, 2989, 2980, 2976, 2979, 2977, 2982, 2988, 2990, 2991, 2992, 2995, 3000, 3006, 3005, 3004, 2999, 2995, 2995, 3000, 3005, 3004, 3008, 3017, 3015, 3013, 3019, 3021, 3034, 3027, 3035, 3030, 3033, 3036, 3038, 3040, 3044, 3042, 3046, 3046, 3050, 3052, 3054, 3059, 3067, 3067, 3067, 3070, 3071, 3073, 3075, 3075, 3079, 3080, 3077, 3080, 3080, 3081, 3084, 3081, 3079, 3078, 3075, 3073, 3073, 3076, 3078, 3076, 3078, 3075, 3073, 3075, 3071, 3071, 3073, 3072, 3070, 3070, 3070, 3070, 3071, 3070, 3069, 3069, 3065, 3060, 3062, 3059, 3059, 3061, 3055, 3059, 3059, 3063, 3067, 3070, 3069, 3068, 3069, 3067, 3068, 3065, 3062, 3062
3075, 3074, 3072, 3072, 3074, 3072, 3075, 3074, 3076, 3074, 3066, 3054, 3052, 3045, 3041, 3025, 3025, 3022, 3020, 3022, 3021, 3012, 3003, 3000, 2998, 2997, 2993, 2998, 3002, 3001, 3005, 3006, 3014, 3014, 3022, 3016, 3016, 3014, 3019, 3013, 3015, 3013, 3027, 3022, 3026, 3030, 3035, 3038, 3048, 3050, 3056, 3054, 3064, 3064, 3065, 3065, 3066, 3066, 3066, 3061, 3067, 3064, 3069, 3069, 3070, 3070, 3067, 3065, 3064, 3064, 3066, 3064, 3066, 3067, 3069, 3063, 3069, 3069, 3068, 3069, 3070, 3072, 3071, 3070, 3074, 3072, 3074, 3072, 3071, 3073, 3072, 3072, 3073, 3075, 3077, 3077, 3073, 3075, 3072, 3071, 3074, 3077, 3076, 3078, 3078, 3083, 3076, 3079, 3084, 3083, 3085, 3078, 3075, 3076, 3075, 3076, 3075, 3077, 3077, 3072, 3073, 3073, 3076, 3079, 3073, 3073, 3073, 3070
3068, 3068, 3063, 3065, 3064, 3063, 3064, 3063, 3058, 3063, 3064, 3070, 3067, 3066, 3067, 3065, 3060, 3056, 3067, 3059, 3058, 3054, 3031, 3024, 3012, 2997, 2981, 2961, 2958, 2952, 2947, 2948, 2945, 2941, 2938, 2937, 2936, 2935, 2935, 2934, 2939, 2943, 2949, 2952, 2958, 2963, 2967, 2975, 2980, 2981, 2988, 2988, 2993, 2996, 3000, 2998, 3002, 3005, 3010, 3011, 3010, 3011, 3020, 3018, 3021, 3021, 3033, 3030, 3034, 3033, 3038, 3039, 3045, 3044, 3043, 3051, 3054, 3058, 3061, 3063, 3066, 3069, 3070, 3075, 3076, 3078, 3077, 3079, 3079, 3081, 3080, 3083, 3082, 3090, 3087, 3089, 3084, 3091, 3084, 3084, 3084, 3085, 3085, 3085, 3089, 3091, 3082, 3083, 3088, 3089, 3084, 3085, 3083, 3093, 3083, 3088, 3087, 3090, 3078, 3079, 3080, 3082, 3079, 3080, 3078, 3076, 3074, 3074
3068, 3051, 3055, 3048, 3051, 3050, 3049, 3051, 3052, 3052, 3053, 3054, 3058, 3056, 3058, 3059, 3060, 3052, 3032, 3022, 3016, 3000, 2995, 2993, 2993, 2995, 2997, 2999, 3000, 2997, 2999, 2994, 2998, 2998, 3011, 3006, 3015, 3018, 3021, 3025, 3036, 3038, 3046, 3051, 3052, 3054, 3053, 3056, 3062, 3060, 3064, 3065, 3064, 3064, 3064, 3063, 3061, 3051, 3058, 3048, 3050, 3039, 3043, 3042, 3054, 3046, 3061, 3056, 3061, 3062, 3059, 3062, 3068, 3067, 3065, 3068, 3067, 3070, 3070, 3070, 3070, 3069, 3068, 3070, 3067, 3069, 3068, 3067, 3067, 3066, 3065, 3068, 3070, 3070, 3071, 3073, 3070, 3074, 3069, 3075, 3076, 3077, 3074, 3070, 3069, 3068, 3068, 3069, 3068, 3070, 3071, 3073, 3072, 3072, 3070, 3070, 3068, 3067, 3073, 3069, 3073, 3073, 3077, 3077, 3074, 3074, 3074, 3072
3072, 3070, 3071, 3068, 3069, 3068, 3067, 3069, 3070, 3070, 3070, 3070, 3073, 3072, 3070, 3068, 3066, 3060, 3032, 3017, 3007, 3006, 3004, 3002, 2999, 2998, 2995, 2992, 3000, 3002, 3006, 3004, 3014, 3012, 3015, 3015, 3033, 3023, 3036, 3035, 3037, 3038, 3038, 3041, 3045, 3043, 3058, 3051, 3060, 3058, 3062, 3061, 3061, 3063, 3062, 3063, 3067, 3066, 3065, 3064, 3067, 3069, 3072, 3072, 3074, 3071, 3075, 3072, 3073, 3076, 3074, 3079, 3074, 3076, 3076, 3073, 3072, 3071, 3072, 3072, 3072, 3072, 3071, 3071, 3073, 3073, 3071, 3071, 3071, 3071, 3069, 3068, 3067, 3061, 3064, 3063, 3062, 3063, 3064, 3066, 3066, 3068, 3067, 3070, 3071, 3072, 3072, 3074, 3073, 3071, 3073, 3072, 3071, 3072, 3075, 3074, 3073, 3075, 3074, 3074, 3075, 3075, 3074, 3073, 3077, 3074, 3074, 3074
3072, 3072, 3071, 3072, 3070, 3070, 3070, 3069, 3069, 3073, 3074, 3071, 3068, 3068, 3061, 3059, 3046, 3036, 3023, 3023, 3021, 3016, 3009, 3002, 3000, 3000, 2990, 2987, 2981, 2981, 2982, 2979, 2980, 2982, 2978, 2974, 2977, 2977, 2978, 2979, 2982, 2985, 2991, 2995, 2998, 3001, 3011, 3006, 3013, 3011, 3020, 3018, 3025, 3026, 3031, 3033, 3037, 3049, 3051, 3046, 3053, 3058, 3059, 3060, 3068, 3068, 3068, 3068, 3072, 3073, 3077, 3076, 3078, 3077, 3079, 3079, 3082, 3080, 3081, 3080, 3078, 3081, 3083, 3081, 3083, 3079, 3080, 3082, 3080, 3080, 3077, 3075, 3075, 3074, 3074, 3078, 3077, 3078, 3075, 3075, 3075, 3075, 3075, 3077, 3075, 3073, 3072, 3071, 3066, 3061, 3066, 3064, 3066, 3064, 3067, 3063, 3063, 3061, 3060, 3060, 3060, 3063, 3063, 3061, 3063, 3068, 3071, 3070
3076, 3074, 3075, 3074, 3074, 3074, 3072, 3072, 3073, 3075, 3075, 3075, 3073, 3070, 3071, 3071, 3072, 3073, 3075, 3075, 3077, 3072, 3058, 3055, 3044, 3024, 3013, 3006, 2983, 2979, 2974, 2966, 2957, 2950, 2938, 2937, 2932, 2937, 2943, 2945, 2944, 2942, 2941, 2934, 2931, 2930, 2934, 2943, 2942, 2943, 2945, 2950, 2960, 2962, 2977, 2984, 2992, 2993, 2995, 2999, 3003, 3007, 3010, 3017, 3025, 3022, 3028, 3033, 3041, 3044, 3053, 3057, 3064, 3063, 3064, 3063, 3063, 3063, 3064, 3067, 3064, 3065, 3066, 3066, 3069, 3066, 3071, 3068, 3070, 3067, 3072, 3069, 3073, 3074, 3075, 3071, 3073, 3073, 3074, 3077, 3076, 3078, 3076, 3077, 3076, 3076, 3075, 3074, 3075, 3080, 3072, 3071, 3072, 3072, 3071, 3070, 3068, 3061, 3066, 3066, 3067, 3067, 3069, 3069, 3069, 3068, 3067, 3069
3066, 3065, 3064, 3065, 3066, 3067, 3067, 3069, 3067, 3068, 3067, 3067, 3068, 3069, 3070, 3073, 3074, 3072, 3068, 3064, 3065, 3053, 3040, 3025, 3008, 3001, 2984, 2980, 2974, 2963, 2960, 2957, 2955, 2950, 2947, 2947, 2952, 2952, 2961, 2962, 2966, 2971, 2981, 2984, 2989, 2994, 3002, 3008, 3012, 3018, 3013, 3019, 3030, 3029, 3026, 3026, 3033, 3030, 3035, 3041, 3044, 3045, 3048, 3051, 3055, 3054, 3056, 3061, 3062, 3055, 3065, 3058, 3060, 3058, 3060, 3062, 3064, 3061, 3065, 3068, 3074, 3074, 3076, 3074, 3078, 3078, 3077, 3079, 3080, 3080, 3082, 3080, 3078, 3079, 3078, 3085, 3085, 3081, 3082, 3079, 3078, 3076, 3078, 3076, 3078, 3076, 3078, 3077, 3076, 3079, 3079, 3081, 3080, 3080, 3078, 3077, 3076, 3076, 3075, 3077, 3077, 3078, 3075, 3077, 3075, 3076, 3079, 3079
3072, 3072, 3071, 3073, 3074, 3073, 3070, 3071, 3074, 3074, 3072, 3072, 3073, 3074, 3075, 3073, 3071, 3073, 3074, 3074, 3075, 3075, 3072, 3060, 3042, 3018, 2978, 2948, 2918, 2908, 2887, 2879, 2870, 2862, 2862, 2858, 2858, 2859, 2855, 2858, 2856, 2859, 2862, 2865, 2864, 2864, 2869, 2864, 2871, 2873, 2882, 2888, 2898, 2901, 2910, 2912, 2923, 2929, 2942, 2943, 2947, 2949, 2955, 2956, 2961, 2961, 2967, 2969, 2974, 2977, 2994, 2996, 3007, 3008, 3016, 3017, 3024, 3028, 3023, 3024, 3027, 3030, 3041, 3037, 3039, 3047, 3046, 3052, 3052, 3053, 3049, 3051, 3057, 3056, 3057, 3064, 3065, 3068, 3069, 3069, 3073, 3071, 3074, 3076, 3081, 3076, 3075, 3076, 3083, 3088, 3088, 3085, 3076, 3077, 3076, 3077, 3081, 3081, 3081, 3079, 3077, 3076, 3079, 3077, 3080, 3077, 3076, 3075
3073, 3073, 3073, 3075, 3072, 3072, 3070, 3071, 3070, 3071, 3070, 3071, 3073, 3070, 3071, 3069, 3074, 3073, 3069, 3064, 3063, 3054, 3030, 3008, 3002, 2995, 2991, 2992, 2991, 2987, 2993, 2994, 2999, 2999, 3006, 3009, 3011, 3013, 3021, 3027, 3029, 3027, 3036, 3036, 3037, 3042, 3050, 3050, 3054, 3055, 3061, 3054, 3061, 3064, 3061, 3062, 3063, 3063, 3068, 3070, 3070, 3073, 3071, 3074, 3074, 3072, 3072, 3076, 3076, 3078, 3076, 3079, 3076, 3079, 3076, 3075, 3075, 3078, 3082, 3083, 3077, 3077, 3077, 3079, 3078, 3080, 3079, 3079, 3081, 3083, 3082, 3081, 3081, 3080, 3074, 3076, 3078, 3077, 3076, 3077, 3076, 3078, 3073, 3076, 3077, 3081, 3078, 3078, 3078, 3076, 3072, 3073, 3072, 3073, 3075, 3074, 3073, 3073, 3073, 3072, 3073, 3076, 3072, 3073, 3069, 3068, 3067, 3067
3068, 3069, 3069, 3069, 3069, 3068, 3067, 3069, 3068, 3069, 3070, 3069, 3071, 3069, 3068, 3070, 3067, 3071, 3068, 3070, 3069, 3070, 3068, 3067, 3063, 3059, 3025, 3010, 2993, 2971, 2949, 2933, 2902, 2890, 2875, 2868, 2861, 2860, 2860, 2862, 2857, 2859, 2864, 2863, 2864, 2862, 2865, 2867, 2874, 2871, 2880, 2882, 2888, 2893, 2898, 2909, 2920, 2921, 2923, 2930, 2935, 2942, 2951, 2963, 2967, 2969, 2974, 2970, 2986, 2983, 2991, 2990, 2996, 2998, 3002, 3001, 3004, 3003, 3006, 3007, 3012, 3016, 3016, 3020, 3027, 3024, 3039, 3035, 3034, 3032, 3034, 3030, 3037, 3032, 3037, 3039, 3047, 3046, 3052, 3055, 3066, 3060, 3067, 3061, 3066, 3056, 3054, 3051, 3046, 3044, 3046, 3049, 3049, 3053, 3066, 3061, 3055, 3049, 3054, 3048, 3056, 3052, 3062, 3060, 3066, 3065, 3067, 3070
3073, 3074, 3071, 3071, 3071, 3072, 3070, 3071, 3071, 3070, 3072, 3073, 3074, 3072, 3070, 3072, 3069, 3070, 3070, 3070, 3066, 3054, 3043, 3032, 3026, 3019, 2995, 2989, 2983, 2980, 2968, 2967, 2968, 2970, 2974, 2976, 2982, 2979, 2976, 2976, 2977, 2976, 2971, 2968, 2967, 2964, 2967, 2965, 2965, 2969, 2973, 2974, 2982, 2982, 2988, 2989, 2993, 2992, 2999, 3003, 3003, 3005, 3013, 3009, 3011, 3013, 3014, 3023, 3036, 3037, 3042, 3044, 3045, 3048, 3051, 3052, 3061, 3063, 3069, 3069, 3074, 3078, 3079, 3079, 3085, 3083, 3082, 3082, 3083, 3078, 3076, 3074, 3075, 3074, 3073, 3076, 3076, 3076, 3077, 3080, 3080, 3075, 3075, 3074, 3076, 3075, 3074, 3074, 3075, 3073, 3072, 3070, 3070, 3070, 3069, 3069, 3067, 3065, 3066, 3066, 3067, 3070, 3068, 3072, 3075, 3073, 3074, 3073
3063, 3065, 3067, 3069, 3070, 3071, 3067, 3069, 3069, 3071, 3070, 3071, 3069, 3069, 3068, 3067, 3060, 3058, 3052, 3051, 3052, 3043, 3041, 3029, 3013, 3009, 3000, 2996, 2995, 2996, 2998, 2985, 2968, 2964, 2951, 2954, 2955, 2956, 2958, 2961, 2963, 2964, 2970, 2972, 2985, 2980, 2982, 2983, 2984, 2985, 2990, 2993, 3001, 3001, 3005, 3011, 3019, 3012, 3013, 3015, 3019, 3022, 3025, 3023, 3030, 3029, 3046, 3045, 3056, 3056, 3064, 3065, 3067, 3067, 3066, 3070, 3071, 3068, 3065, 3069, 3070, 3071, 3075, 3076, 3075, 3073, 3072, 3070, 3070, 3071, 3072, 3073, 3073, 3075, 3075, 3074, 3075, 3074, 3080, 3082, 3076, 3075, 3077, 3076, 3078, 3075, 3073, 3074, 3071, 3070, 3068, 3074, 3075, 3075, 3073, 3073, 3070, 3071, 3073, 3073, 3074, 3075, 3077, 3079, 3078, 3076, 3079, 3076
3070, 3070, 3068, 3069, 3068, 3070, 3068, 3068, 3067, 3068, 3068, 3068, 3069, 3069, 3073, 3071, 3070, 3072, 3069, 3068, 3075, 3066, 3047, 3038, 3022, 2986, 2969, 2953, 2942, 2914, 2897, 2889, 2874, 2866, 2857, 2856, 2860, 2860, 2864, 2858, 2864, 2863, 2872, 2877, 2883, 2887, 2891, 2894, 2898, 2900, 2910, 2921, 2940, 2944, 2952, 2954, 2970, 2971, 2981, 2984, 2993, 2998, 3004, 3008, 3017, 3021, 3026, 3031, 3048, 3046, 3057, 3060, 3066, 3066, 3071, 3070, 3074, 3075, 3075, 3073, 3076, 3077, 3075, 3076, 3071, 3067, 3065, 3055, 3051, 3046, 3041, 3045, 3044, 3040, 3040, 3042, 3043, 3040, 3044, 3041, 3046, 3048, 3055, 3058, 3062, 3062, 3058, 3056, 3040, 3041, 3040, 3035, 3046, 3042, 3051, 3048, 3061, 3056, 3067, 3065, 3071, 3070, 3071, 3073, 3074, 3076, 3077, 3079
3070, 3071, 3071, 3071, 3071, 3071, 3071, 3070, 3071, 3068, 3069, 3071, 3071, 3068, 3068, 3070, 3067, 3071, 3073, 3068, 3073, 3070, 3066, 3040, 3034, 3021, 3009, 3004, 2989, 2984, 2975, 2973, 2957, 2953, 2944, 2943, 2940, 2925, 2916, 2912, 2913, 2914, 2910, 2914, 2917, 2917, 2920, 2921, 2927, 2925, 2945, 2946, 2952, 2958, 2965, 2968, 2980, 2980, 2986, 2991, 3000, 2997, 3001, 3003, 3002, 3005, 3006, 3012, 3014, 3007, 3007, 3008, 3012, 3012, 3014, 3028, 3023, 3025, 3033, 3029, 3033, 3034, 3050, 3049, 3054, 3061, 3066, 3066, 3071, 3067, 3069, 3072, 3071, 3070, 3070, 3073, 3073, 3073, 3074, 3076, 3085, 3079, 3079, 3079, 3080, 3081, 3084, 3085, 3085, 3083, 3085, 3084, 3089, 3086, 3094, 3091, 3093, 3098, 3096, 3090, 3097, 3088, 3087, 3087, 3086, 3087, 3087, 3089
3071, 3073, 3072, 3070, 3069, 3071, 3067, 3068, 3070, 3073, 3068, 3066, 3073, 3071, 3073, 3071, 3075, 3075, 3077, 3074, 3071, 3070, 3054, 3042, 3020, 3000, 2985, 2959, 2944, 2934, 2930, 2925, 2917, 2908, 2906, 2898, 2892, 2889, 2888, 2888, 2881, 2882, 2878, 2888, 2886, 2882, 2890, 2891, 2905, 2907, 2914, 2916, 2923, 2926, 2934, 2933, 2945, 2949, 2960, 2966, 2981, 2981, 2992, 2999, 3006, 3007, 3021, 3023, 3035, 3043, 3052, 3054, 3057, 3056, 3065, 3062, 3073, 3073, 3074, 3074, 3073, 3070, 3074, 3075, 3073, 3072, 3072, 3072, 3075, 3073, 3075, 3076, 3076, 3077, 3079, 3076, 3076, 3079, 3078, 3076, 3077, 3077, 3075, 3073, 3073, 3073, 3076, 3076, 3077, 3078, 3076, 3078, 3078, 3079, 3079, 3077, 3076, 3078, 3080, 3081, 3081, 3082, 3081, 3081, 3081, 3081, 3082, 3086
